record_type,model_role,model_tag,target_manifest_sha256,head_k,survey_id,head_pair,status,exact,mae,correlation,rank_order_disagreement,diagnostics_json
candidate_binding,mh_nocons,strat_hmm_pretext_mh_k6810_nocons_topblock1_distill_v1,c0b4edc17774d522bc0896db1366166628135d8369d2e063fd6183c66b01d15c,,,,PASS,,,,,"{""consistency_policy"":""normalized_order_smooth_l1_v1"",""consistency_weight"":0.0,""head_ks"":[6,8,10],""head_spec"":""multi_resolution_ordered_prototypes_v1"",""scientific_identity_sha256"":""834e75611f999df0d4f90d1e7516b28650c7a57cee0283edf5fcf13030852d3f""}"
candidate_binding,mh_cons010,strat_hmm_pretext_mh_k6810_cons010_topblock1_distill_v1,c0b4edc17774d522bc0896db1366166628135d8369d2e063fd6183c66b01d15c,,,,PASS,,,,,"{""consistency_policy"":""normalized_order_smooth_l1_v1"",""consistency_weight"":0.1,""head_ks"":[6,8,10],""head_spec"":""multi_resolution_ordered_prototypes_v1"",""scientific_identity_sha256"":""fa24931e56e26b30856cebaf0421e33a97a9c90d1fb15ecda176dc9505454054""}"
per_head_diagnostic,,,c0b4edc17774d522bc0896db1366166628135d8369d2e063fd6183c66b01d15c,6,f3_facies_benchmark,,PASS,,,,,"{""confidence_quantiles"":[1.0,1.0,1.0,1.0,1.0],""effective_k"":4.795581589109232,""empty_state_count"":0,""initial_state_distribution"":[4152,1419,221,28,0,0],""invalid_token_count"":111856,""max_occupancy"":61178,""min_occupancy"":9583,""ordered_path_violation_count"":0,""state_occupancy_count"":[9583,11076,12182,61178,32739,36202],""state_occupancy_ratio"":[0.058805841924398625,0.06796759941089837,0.07475454099165439,0.37541728031418753,0.2009020618556701,0.22215267550319096],""terminal_state_distribution"":[0,0,0,113,72,5635],""trace_transition_count"":{""max"":5.0,""mean"":3.127270610153703,""median"":4.0,""p05"":0.0,""p95"":5.0},""trace_unique_state_count"":{""max"":6.0,""mean"":5.614604810996563,""median"":6.0,""p05"":4.0,""p95"":6.0},""valid_token_count"":162960}"
per_head_diagnostic,,,c0b4edc17774d522bc0896db1366166628135d8369d2e063fd6183c66b01d15c,8,f3_facies_benchmark,,PASS,,,,,"{""confidence_quantiles"":[1.0,1.0,1.0,1.0,1.0],""effective_k"":7.072934132018693,""empty_state_count"":0,""initial_state_distribution"":[3949,1748,114,5,4,0,0,0],""invalid_token_count"":111856,""max_occupancy"":46989,""min_occupancy"":9386,""ordered_path_violation_count"":0,""state_occupancy_count"":[11513,15587,46989,21251,19061,23308,15865,9386],""state_occupancy_ratio"":[0.07064923907707413,0.09564923907707412,0.2883468335787923,0.130406234658812,0.11696735395189004,0.14302896416298477,0.0973551791850761,0.05759695630829651],""terminal_state_distribution"":[0,0,0,1,12,845,628,4334],""trace_transition_count"":{""max"":7.0,""mean"":4.235561248253377,""median"":6.0,""p05"":0.0,""p95"":7.0},""trace_unique_state_count"":{""max"":8.0,""mean"":7.25,""median"":7.0,""p05"":6.0,""p95"":8.0},""valid_token_count"":162960}"
per_head_diagnostic,,,c0b4edc17774d522bc0896db1366166628135d8369d2e063fd6183c66b01d15c,10,f3_facies_benchmark,,PASS,,,,,"{""confidence_quantiles"":[1.0,1.0,1.0,1.0,1.0],""effective_k"":7.341128034943321,""empty_state_count"":0,""initial_state_distribution"":[490,1499,2062,1553,164,52,0,0,0,0],""invalid_token_count"":111856,""max_occupancy"":44985,""min_occupancy"":549,""ordered_path_violation_count"":0,""state_occupancy_count"":[549,3420,7106,12669,13322,32082,21913,44985,16276,10638],""state_occupancy_ratio"":[0.0033689248895434464,0.020986745213549336,0.043605792832596954,0.07774300441826215,0.08175012272950417,0.19687039764359351,0.13446858124693176,0.2760493372606775,0.0998772704958272,0.065279823269514],""terminal_state_distribution"":[0,0,0,0,0,271,484,83,1213,3769],""trace_transition_count"":{""max"":9.0,""mean"":4.339427107591989,""median"":6.0,""p05"":0.0,""p95"":8.0},""trace_unique_state_count"":{""max"":10.0,""mean"":7.403264604810997,""median"":7.0,""p05"":5.0,""p95"":9.0},""valid_token_count"":162960}"
cross_head_diagnostic,,,c0b4edc17774d522bc0896db1366166628135d8369d2e063fd6183c66b01d15c,,,k6_k10,PASS,,0.10404025527736868,0.859988656330333,0.22817395786670266,"{""correlation"":0.859988656330333,""mae"":0.10404025527736868,""rank_order_disagreement"":0.22817395786670266}"
cross_head_diagnostic,,,c0b4edc17774d522bc0896db1366166628135d8369d2e063fd6183c66b01d15c,,,k6_k8,PASS,,0.21920892068167475,0.78945461199075,0.22976331469878927,"{""correlation"":0.78945461199075,""mae"":0.21920892068167475,""rank_order_disagreement"":0.22976331469878927}"
cross_head_diagnostic,,,c0b4edc17774d522bc0896db1366166628135d8369d2e063fd6183c66b01d15c,,,k8_k10,PASS,,0.22129084165166643,0.7473235725929603,0.2863726458802521,"{""correlation"":0.7473235725929603,""mae"":0.22129084165166643,""rank_order_disagreement"":0.2863726458802521}"
k6_replay_parity,,,c0b4edc17774d522bc0896db1366166628135d8369d2e063fd6183c66b01d15c,,,,PASS,True,,,,"{""checks"":{""f3_facies_benchmark.decoded_invalid_positions"":true,""f3_facies_benchmark.decoded_labels"":true,""f3_facies_benchmark.decoded_ordered_violations"":true,""f3_facies_benchmark.decoded_state_occupancy"":true,""f3_facies_benchmark.decoded_transition_counts"":true,""f3_facies_benchmark.decoded_valid_token_mask"":true,""f3_facies_benchmark.pseudo_target_confidence"":true,""f3_facies_benchmark.pseudo_target_labels"":true,""f3_facies_benchmark.pseudo_target_valid_tokens"":true},""exact"":true,""historical_decoded_labels"":{""f3_facies_benchmark"":{""path"":""/workspace/artifacts/seis_ssl_cluster/clustering/f3/facies_benchmark_v1/amp_mae_m075_mse_g0_patchnorm_clip8_agc65_vis01_v1/full/overlap_x16/strat_hmm_k6_pca64_resid_token_phase_edge8_expected3_iter10/labels/k6/f3_facies_benchmark.cluster_labels_token.npy"",""sha256"":""87a3ea23cb142d6e77acd3b63c6c4ca87250d82c99aabad152c9cd8e8c2c5e19""}},""replay_artifacts"":{""f3_facies_benchmark"":{""confidence"":{""path"":""/workspace/artifacts/seis_ssl_cluster/pseudo_targets/f3/facies_benchmark_v1/strat_hmm_multi_k6810_pca64_resid_token_phase_edge8_expected3_iter10_v1/k6/f3_facies_benchmark.hmm_confidence_token.npy"",""sha256"":""ffc856ec3b615fecd1b6210b6006996ff70857b817540d2681597eb69dc88dc2""},""labels"":{""path"":""/workspace/artifacts/seis_ssl_cluster/pseudo_targets/f3/facies_benchmark_v1/strat_hmm_multi_k6810_pca64_resid_token_phase_edge8_expected3_iter10_v1/k6/f3_facies_benchmark.hmm_labels_token.npy"",""sha256"":""87a3ea23cb142d6e77acd3b63c6c4ca87250d82c99aabad152c9cd8e8c2c5e19""},""metadata"":{""path"":""/workspace/artifacts/seis_ssl_cluster/pseudo_targets/f3/facies_benchmark_v1/strat_hmm_multi_k6810_pca64_resid_token_phase_edge8_expected3_iter10_v1/k6/f3_facies_benchmark.pseudo_target_metadata.json"",""sha256"":""0dd462988e22e53340dfcda87c020da115190a9b3dce5f252fc3b6d455169bfe""},""valid_tokens"":{""path"":""/workspace/artifacts/seis_ssl_cluster/pseudo_targets/f3/facies_benchmark_v1/strat_hmm_multi_k6810_pca64_resid_token_phase_edge8_expected3_iter10_v1/k6/f3_facies_benchmark.valid_tokens.npy"",""sha256"":""b420c53b5cdc2f939d0399d349c712f5212fbf8d0d885ddae5cfe64c8e21e526""}}},""replay_decoded_labels"":{""f3_facies_benchmark"":{""path"":""/workspace/artifacts/seis_ssl_cluster/clustering/f3/facies_benchmark_v1/strat_hmm_multi_k6810_pca64_resid_token_phase_edge8_expected3_iter10_v1/labels/k6/f3_facies_benchmark.cluster_labels_token.npy"",""sha256"":""87a3ea23cb142d6e77acd3b63c6c4ca87250d82c99aabad152c9cd8e8c2c5e19""}},""replay_root"":""/workspace/artifacts/seis_ssl_cluster/pseudo_targets/f3/facies_benchmark_v1/strat_hmm_multi_k6810_pca64_resid_token_phase_edge8_expected3_iter10_v1""}"
