budget_id,per_class_cap,comparison_id,comparison,baseline_model_role,candidate_model_role,metric,higher_is_better,paired_seed_count,mean_delta,median_delta,sample_standard_deviation,min_delta,max_delta,worst_seed,worst_seed_delta,wins,losses,ties,positive_win_count,negative_count,zero_count
cap25,25,m1_current_k6_vs_m1,Current K6 - Historical M1,m1,m1_current_k6,macro_f1,True,5,-0.005343806623234771,-0.01331181781375812,0.026629363011412745,-0.03315099341964023,0.037683929305575514,2,-0.03315099341964023,1,4,0,1,4,0
cap25,25,m1_current_k6_vs_m1,Current K6 - Historical M1,m1,m1_current_k6,mean_iou,True,5,-0.005285993963644398,-0.011435495126910777,0.032764980221302614,-0.04098085346003838,0.04834973925501673,2,-0.04098085346003838,1,4,0,1,4,0
cap25,25,m1_current_k6_vs_m1,Current K6 - Historical M1,m1,m1_current_k6,balanced_accuracy,True,5,-0.008590297048102746,-0.012696636518502169,0.022551739831201643,-0.03764712329088926,0.01478622162130272,1,-0.03764712329088926,2,3,0,2,3,0
cap25,25,m1_current_k6_vs_m1,Current K6 - Historical M1,m1,m1_current_k6,accuracy,True,5,-0.00682185580342709,-0.02447802338046856,0.062108582236464614,-0.07279382987050564,0.09422379907090717,2,-0.07279382987050564,1,4,0,1,4,0
cap25,25,m1_current_k6_vs_m1,Current K6 - Historical M1,m1,m1_current_k6,weighted_f1,True,5,-0.005060819972317843,-0.014469977336411421,0.052645329324669914,-0.06463582677750923,0.08001356207928878,2,-0.06463582677750923,1,4,0,1,4,0
cap25,25,m1_current_k6_vs_m1,Current K6 - Historical M1,m1,m1_current_k6,boundary_region_macro_f1_r2,True,5,-0.009555501828579704,-0.008620871057549218,0.025296792872219177,-0.05019179523397649,0.015680990395865735,0,-0.05019179523397649,2,3,0,2,3,0
cap25,25,m1_current_k6_vs_m1,Current K6 - Historical M1,m1,m1_current_k6,boundary_region_macro_f1_r4,True,5,-0.006406448701268663,-0.0043761250636468185,0.02387635242416852,-0.044974187974576696,0.014216885288614756,0,-0.044974187974576696,2,3,0,2,3,0
cap25,25,m1_current_k6_vs_m1,Current K6 - Historical M1,m1,m1_current_k6,boundary_region_mean_iou_r2,True,5,-0.00795580801689857,-0.007232665144697892,0.018916580784413967,-0.03850803960869467,0.00901265699732634,0,-0.03850803960869467,2,3,0,2,3,0
cap25,25,m1_current_k6_vs_m1,Current K6 - Historical M1,m1,m1_current_k6,boundary_region_mean_iou_r4,True,5,-0.005472361351101707,-0.00488462142813878,0.019793530946256653,-0.03745164931506734,0.01489258031820101,0,-0.03745164931506734,2,3,0,2,3,0
cap25,25,m1_current_k6_vs_m1,Current K6 - Historical M1,m1,m1_current_k6,boundary_f1_t2,True,5,-0.016296034001242844,-0.019032725048648502,0.029186894788511733,-0.0555688867523669,0.02511300248236195,2,-0.0555688867523669,1,4,0,1,4,0
cap25,25,m1_current_k6_vs_m1,Current K6 - Historical M1,m1,m1_current_k6,boundary_f1_t4,True,5,-0.015883600499887164,-0.01926287333948784,0.0491687135884787,-0.07545083462048657,0.06009277574543376,2,-0.07545083462048657,1,4,0,1,4,0
cap25,25,m1_current_k6_vs_m1,Current K6 - Historical M1,m1,m1_current_k6,vertical_boundary_position_mae,False,5,0.030484639343466836,0.008313651548807588,0.07849982736090945,-0.036379257162296064,0.16345060142019086,1,0.16345060142019086,2,3,0,2,3,0
cap25,25,m1_current_k6_vs_m1,Current K6 - Historical M1,m1,m1_current_k6,class_3_f1,True,5,-0.007400108248919046,0.019973149626385855,0.05828195892759451,-0.10985777847163769,0.02840253859791425,2,-0.10985777847163769,4,1,0,4,1,0
cap25,25,m1_current_k6_vs_m1,Current K6 - Historical M1,m1,m1_current_k6,class_3_iou,True,5,-0.005816051532636879,0.014200950699135406,0.04579607381904804,-0.08621199770258087,0.023671016079423235,2,-0.08621199770258087,4,1,0,4,1,0
cap25,25,m1_current_k6_vs_m1,Current K6 - Historical M1,m1,m1_current_k6,class_3_boundary_recall_t2,True,5,-0.03669650122050448,0.004882017900732338,0.0983679999918899,-0.1883645240032547,0.04759967453213995,1,-0.1883645240032547,3,2,0,3,2,0
cap25,25,m1_current_k6_vs_m1,Current K6 - Historical M1,m1,m1_current_k6,class_3_boundary_recall_t4,True,5,-0.03742880390561433,-0.017087062652563045,0.10427240853320019,-0.2139951179820993,0.04190398698128556,1,-0.2139951179820993,2,3,0,2,3,0
cap25,25,m1_current_k6_vs_m1,Current K6 - Historical M1,m1,m1_current_k6,class_5_f1,True,5,-0.027626321398804055,-0.03663750295120516,0.05406100334999684,-0.09742864059157502,0.03280694577403526,1,-0.09742864059157502,2,3,0,2,3,0
cap25,25,m1_current_k6_vs_m1,Current K6 - Historical M1,m1,m1_current_k6,class_5_iou,True,5,-0.01517031242108558,-0.023120612443577063,0.0317601740207671,-0.054280981232061466,0.021942063341696932,1,-0.054280981232061466,2,3,0,2,3,0
cap25,25,m1_current_k6_vs_m1,Current K6 - Historical M1,m1,m1_current_k6,class_5_boundary_recall_t2,True,5,-0.06486486486486487,-0.032432432432432434,0.1304036549385386,-0.2864864864864865,0.04864864864864865,1,-0.2864864864864865,2,3,0,2,3,0
cap25,25,m1_current_k6_vs_m1,Current K6 - Historical M1,m1,m1_current_k6,class_5_boundary_recall_t4,True,5,-0.08648648648648648,-0.032432432432432434,0.1855637177705067,-0.4108108108108108,0.05405405405405406,1,-0.4108108108108108,2,3,0,2,3,0
cap25,25,m1_current_k6_vs_mae,Current K6 - MAE,mae,m1_current_k6,macro_f1,True,5,0.01902104162014373,0.023116004440524307,0.031059299844689064,-0.02791618773206539,0.05515435478069608,0,-0.02791618773206539,4,1,0,4,1,0
cap25,25,m1_current_k6_vs_mae,Current K6 - MAE,mae,m1_current_k6,mean_iou,True,5,0.034644214135423214,0.031249071120785732,0.037626735550708404,-0.006498147022784784,0.08765028887425891,0,-0.006498147022784784,4,1,0,4,1,0
cap25,25,m1_current_k6_vs_mae,Current K6 - MAE,mae,m1_current_k6,balanced_accuracy,True,5,0.004281049797259562,0.006449408003004198,0.04674211825862886,-0.06278900090091233,0.060592184857505504,1,-0.06278900090091233,3,2,0,3,2,0
cap25,25,m1_current_k6_vs_mae,Current K6 - MAE,mae,m1_current_k6,accuracy,True,5,0.035060493133901714,0.04374691578607037,0.06255189608899556,-0.044274422720234075,0.1255423962427894,0,-0.044274422720234075,4,1,0,4,1,0
cap25,25,m1_current_k6_vs_mae,Current K6 - MAE,mae,m1_current_k6,weighted_f1,True,5,0.042836917069093004,0.0379983270397124,0.05575664463130881,-0.01069183084033154,0.13108361670623914,0,-0.01069183084033154,4,1,0,4,1,0
cap25,25,m1_current_k6_vs_mae,Current K6 - MAE,mae,m1_current_k6,boundary_region_macro_f1_r2,True,5,-0.002516803332906892,0.004428987005273721,0.021467605845083955,-0.027964839503894223,0.023837465572976613,0,-0.027964839503894223,3,2,0,3,2,0
cap25,25,m1_current_k6_vs_mae,Current K6 - MAE,mae,m1_current_k6,boundary_region_macro_f1_r4,True,5,0.0009098098334129445,0.0061794520730439895,0.021071106237915818,-0.024308707566451038,0.027315617920735613,0,-0.024308707566451038,3,2,0,3,2,0
cap25,25,m1_current_k6_vs_mae,Current K6 - MAE,mae,m1_current_k6,boundary_region_mean_iou_r2,True,5,-0.0007639944864483939,0.004958621961174636,0.01585939071775337,-0.01822483696326488,0.01909271945056501,1,-0.01822483696326488,3,2,0,3,2,0
cap25,25,m1_current_k6_vs_mae,Current K6 - MAE,mae,m1_current_k6,boundary_region_mean_iou_r4,True,5,0.0029990524478590965,0.008536780003246647,0.01506244439756433,-0.012563101555338185,0.021824154042122013,0,-0.012563101555338185,3,2,0,3,2,0
cap25,25,m1_current_k6_vs_mae,Current K6 - MAE,mae,m1_current_k6,boundary_f1_t2,True,5,-0.002488480044884972,-0.0074073183728579906,0.011622812792618955,-0.012449982889635058,0.017134070071911867,2,-0.012449982889635058,1,4,0,1,4,0
cap25,25,m1_current_k6_vs_mae,Current K6 - MAE,mae,m1_current_k6,boundary_f1_t4,True,5,0.007604071114375122,-0.00876050361248143,0.029484072882885713,-0.017433323163111802,0.0422616354781532,0,-0.017433323163111802,2,3,0,2,3,0
cap25,25,m1_current_k6_vs_mae,Current K6 - MAE,mae,m1_current_k6,vertical_boundary_position_mae,False,5,0.06638294685201247,0.012973242382584349,0.11856157676346975,-0.05049962492628013,0.23839482873565188,1,0.23839482873565188,2,3,0,2,3,0
cap25,25,m1_current_k6_vs_mae,Current K6 - MAE,mae,m1_current_k6,class_3_f1,True,5,-0.015478347758526745,-0.022323138658254194,0.03642348964903903,-0.06066998959241371,0.039835472985523424,2,-0.06066998959241371,1,4,0,1,4,0
cap25,25,m1_current_k6_vs_mae,Current K6 - MAE,mae,m1_current_k6,class_3_iou,True,5,-0.011454939575292217,-0.01627991880158039,0.027867918922342864,-0.04613999326941892,0.031067844253438948,2,-0.04613999326941892,1,4,0,1,4,0
cap25,25,m1_current_k6_vs_mae,Current K6 - MAE,mae,m1_current_k6,class_3_boundary_recall_t2,True,5,-0.052807160292921075,-0.0211554109031733,0.09800388321926454,-0.19650122050447522,0.05085435313262815,3,-0.19650122050447522,2,3,0,2,3,0
cap25,25,m1_current_k6_vs_mae,Current K6 - MAE,mae,m1_current_k6,class_3_boundary_recall_t4,True,5,-0.05378356387306751,-0.025630593978844596,0.10358816779496642,-0.2119609438567941,0.06712774613506922,3,-0.2119609438567941,1,4,0,1,4,0
cap25,25,m1_current_k6_vs_mae,Current K6 - MAE,mae,m1_current_k6,class_5_f1,True,5,-0.06684842118596374,-0.037580580278367165,0.13081608805776662,-0.21851151189632312,0.10180288649522595,0,-0.21851151189632312,1,4,0,1,4,0
cap25,25,m1_current_k6_vs_mae,Current K6 - MAE,mae,m1_current_k6,class_5_iou,True,5,-0.04033866663546683,-0.023728454784015515,0.08141024194422235,-0.13854389728272534,0.06549947932706648,0,-0.13854389728272534,1,4,0,1,4,0
cap25,25,m1_current_k6_vs_mae,Current K6 - MAE,mae,m1_current_k6,class_5_boundary_recall_t2,True,5,-0.016216216216216217,-0.005405405405405406,0.051987524491003634,-0.07567567567567568,0.03783783783783784,1,-0.07567567567567568,2,3,0,2,3,0
cap25,25,m1_current_k6_vs_mae,Current K6 - MAE,mae,m1_current_k6,class_5_boundary_recall_t4,True,5,-0.005405405405405406,0.010810810810810811,0.09036893782324588,-0.15675675675675677,0.07567567567567568,1,-0.15675675675675677,3,2,0,3,2,0
cap25,25,m1_vs_mae,Historical M1 - MAE,mae,m1,macro_f1,True,5,0.0243648482433785,0.02427335498983707,0.023574725491278856,-0.011133387093027136,0.04815182287149855,0,-0.011133387093027136,4,1,0,4,1,0
cap25,25,m1_vs_mae,Historical M1 - MAE,mae,m1,mean_iou,True,5,0.03993020809906761,0.039300549619242175,0.02323618475481071,0.004937348104125994,0.06942398691936558,0,0.004937348104125994,5,0,0,5,0,0
cap25,25,m1_vs_mae,Historical M1 - MAE,mae,m1,balanced_accuracy,True,5,0.012871346845362308,0.006609630625158069,0.03720534317948721,-0.025141877610023067,0.07328882137600767,1,-0.025141877610023067,3,2,0,3,2,0
cap25,25,m1_vs_mae,Historical M1 - MAE,mae,m1,accuracy,True,5,0.041882348937328805,0.04506568312147974,0.03972029522152763,-0.019796399339765514,0.07675013187673363,0,-0.019796399339765514,4,1,0,4,1,0
cap25,25,m1_vs_mae,Historical M1 - MAE,mae,m1,weighted_f1,True,5,0.04789773704141085,0.051070054626950356,0.02719513812975428,0.0037781464960798816,0.07299775364577554,0,0.0037781464960798816,5,0,0,5,0,0
cap25,25,m1_vs_mae,Historical M1 - MAE,mae,m1,boundary_region_macro_f1_r2,True,5,0.007038698495672813,0.015863103461617123,0.024391730554788875,-0.027760572118652294,0.03245833663052583,1,-0.027760572118652294,3,2,0,3,2,0
cap25,25,m1_vs_mae,Historical M1 - MAE,mae,m1,boundary_region_macro_f1_r4,True,5,0.007316258534681608,0.015509512308510998,0.024184510303621135,-0.030573181161514862,0.03169174298438243,1,-0.030573181161514862,3,2,0,3,2,0
cap25,25,m1_vs_mae,Historical M1 - MAE,mae,m1,boundary_region_mean_iou_r2,True,5,0.007191813530450175,0.012191287105872528,0.02143886124388443,-0.02466048699341758,0.028579361809144332,1,-0.02466048699341758,3,2,0,3,2,0
cap25,25,m1_vs_mae,Historical M1 - MAE,mae,m1,boundary_region_mean_iou_r4,True,5,0.008471413798960803,0.014473137703864047,0.022278874395231327,-0.02728366684466127,0.027639460970451002,1,-0.02728366684466127,4,1,0,4,1,0
cap25,25,m1_vs_mae,Historical M1 - MAE,mae,m1,boundary_f1_t2,True,5,0.013807553956357872,0.01703725660282221,0.025698428333798005,-0.026759811446468384,0.043118903862731844,1,-0.026759811446468384,4,1,0,4,1,0
cap25,25,m1_vs_mae,Historical M1 - MAE,mae,m1,boundary_f1_t4,True,5,0.023487671614262285,0.02489139155967285,0.034971264578345124,-0.023052335987557404,0.06036294173192586,1,-0.023052335987557404,4,1,0,4,1,0
cap25,25,m1_vs_mae,Historical M1 - MAE,mae,m1,vertical_boundary_position_mae,False,5,0.035898307508545634,0.04935249954488041,0.07883100346917632,-0.08184022137510505,0.12835614311132382,3,0.12835614311132382,1,4,0,1,4,0
cap25,25,m1_vs_mae,Historical M1 - MAE,mae,m1,class_3_f1,True,5,-0.008078239509607699,-0.0261141150967637,0.039246547199384335,-0.04229628828464005,0.04918778887922398,4,-0.04229628828464005,2,3,0,2,3,0
cap25,25,m1_vs_mae,Historical M1 - MAE,mae,m1,class_3_iou,True,5,-0.0056388880426553375,-0.018955727571570297,0.030940835889722483,-0.030826094488318245,0.040072004433161945,3,-0.030826094488318245,2,3,0,2,3,0
cap25,25,m1_vs_mae,Historical M1 - MAE,mae,m1,class_3_boundary_recall_t2,True,5,-0.016110659072416593,0.0012205044751830707,0.07796891507480389,-0.11554109031733117,0.0850284784377543,3,-0.11554109031733117,3,2,0,3,2,0
cap25,25,m1_vs_mae,Historical M1 - MAE,mae,m1,class_3_boundary_recall_t4,True,5,-0.01635475996745318,0.0028478437754271835,0.11416244792222667,-0.17656631407648493,0.1297803091944671,3,-0.17656631407648493,3,2,0,3,2,0
cap25,25,m1_vs_mae,Historical M1 - MAE,mae,m1,class_5_f1,True,5,-0.03922209978715968,-0.022888858926814165,0.08675281840193556,-0.16189346015115968,0.0689959407211907,0,-0.16189346015115968,1,4,0,1,4,0
cap25,25,m1_vs_mae,Historical M1 - MAE,mae,m1,class_5_iou,True,5,-0.025168354214381246,-0.01432222618065504,0.05590153082366325,-0.10581826485311752,0.04355741598536955,0,-0.10581826485311752,1,4,0,1,4,0
cap25,25,m1_vs_mae,Historical M1 - MAE,mae,m1,class_5_boundary_recall_t2,True,5,0.04864864864864865,0.032432432432432434,0.10018244861000346,-0.05405405405405406,0.21081081081081082,0,-0.05405405405405406,3,2,0,3,2,0
cap25,25,m1_vs_mae,Historical M1 - MAE,mae,m1,class_5_boundary_recall_t4,True,5,0.08108108108108107,0.043243243243243246,0.11357784534838211,-0.043243243243243246,0.254054054054054,0,-0.043243243243243246,4,1,0,4,1,0
cap50,50,m1_current_k6_vs_m1,Current K6 - Historical M1,m1,m1_current_k6,macro_f1,True,5,-0.004029401100578478,-0.004211537707188073,0.0074251929274285165,-0.01235791750997639,0.005047333776871499,2,-0.01235791750997639,2,3,0,2,3,0
cap50,50,m1_current_k6_vs_m1,Current K6 - Historical M1,m1,m1_current_k6,mean_iou,True,5,-0.00657632270938473,-0.006533675444802434,0.012786128075523144,-0.02273067881712143,0.011624171606971045,2,-0.02273067881712143,1,4,0,1,4,0
cap50,50,m1_current_k6_vs_m1,Current K6 - Historical M1,m1,m1_current_k6,balanced_accuracy,True,5,0.004392813797455352,-0.0007914216313111844,0.025910253360217402,-0.01376272855105709,0.04903614308278492,1,-0.01376272855105709,2,3,0,2,3,0
cap50,50,m1_current_k6_vs_m1,Current K6 - Historical M1,m1,m1_current_k6,accuracy,True,5,-0.011919955076828836,-0.01468936648118846,0.01765710962119283,-0.031469617302227415,0.016948287304099252,2,-0.031469617302227415,1,4,0,1,4,0
cap50,50,m1_current_k6_vs_m1,Current K6 - Historical M1,m1,m1_current_k6,weighted_f1,True,5,-0.009154447841455738,-0.014104128024766682,0.01682916739803152,-0.025225386080780066,0.019439088926593517,2,-0.025225386080780066,1,4,0,1,4,0
cap50,50,m1_current_k6_vs_m1,Current K6 - Historical M1,m1,m1_current_k6,boundary_region_macro_f1_r2,True,5,-0.001994413592845745,0.004160607018156126,0.016005272180114233,-0.02321258286829969,0.017191238687970567,1,-0.02321258286829969,3,2,0,3,2,0
cap50,50,m1_current_k6_vs_m1,Current K6 - Historical M1,m1,m1_current_k6,boundary_region_macro_f1_r4,True,5,-0.0007917743998544502,0.0006642340225410104,0.01479274581303553,-0.018954637610467673,0.020385092320395315,1,-0.018954637610467673,3,2,0,3,2,0
cap50,50,m1_current_k6_vs_m1,Current K6 - Historical M1,m1,m1_current_k6,boundary_region_mean_iou_r2,True,5,-0.0029158006799476443,-0.003392705696985354,0.013181971347988037,-0.017947243559242432,0.014549935073662534,1,-0.017947243559242432,2,3,0,2,3,0
cap50,50,m1_current_k6_vs_m1,Current K6 - Historical M1,m1,m1_current_k6,boundary_region_mean_iou_r4,True,5,-0.0024618402849364784,-0.006143752668576585,0.013102731739937932,-0.014497910646162293,0.018642205033212456,1,-0.014497910646162293,2,3,0,2,3,0
cap50,50,m1_current_k6_vs_m1,Current K6 - Historical M1,m1,m1_current_k6,boundary_f1_t2,True,5,-0.012573674478737706,-0.018875295994247865,0.026926388650726243,-0.05073329869196114,0.015089960530211055,2,-0.05073329869196114,2,3,0,2,3,0
cap50,50,m1_current_k6_vs_m1,Current K6 - Historical M1,m1,m1_current_k6,boundary_f1_t4,True,5,-0.0330914967882035,-0.028303613466249378,0.047964177198056915,-0.10984439655594475,0.020456155585222235,2,-0.10984439655594475,1,4,0,1,4,0
cap50,50,m1_current_k6_vs_m1,Current K6 - Historical M1,m1,m1_current_k6,vertical_boundary_position_mae,False,5,-0.08653058969046054,-0.027590354001167938,0.09868992588956194,-0.20193172049178476,0.0018864744143807233,4,0.0018864744143807233,4,1,0,4,1,0
cap50,50,m1_current_k6_vs_m1,Current K6 - Historical M1,m1,m1_current_k6,class_3_f1,True,5,-0.011018083432879178,-0.02234791882009135,0.026447224671741765,-0.04033547054441211,0.026756746284470223,2,-0.04033547054441211,2,3,0,2,3,0
cap50,50,m1_current_k6_vs_m1,Current K6 - Historical M1,m1,m1_current_k6,class_3_iou,True,5,-0.009479031553350037,-0.01925619705623538,0.02375687208506856,-0.035817388579166,0.024535010912449973,2,-0.035817388579166,2,3,0,2,3,0
cap50,50,m1_current_k6_vs_m1,Current K6 - Historical M1,m1,m1_current_k6,class_3_boundary_recall_t2,True,5,0.05549227013832384,0.05044751830756711,0.0959654279317223,-0.0569568755085435,0.1952807160292921,4,-0.0569568755085435,3,2,0,3,2,0
cap50,50,m1_current_k6_vs_m1,Current K6 - Historical M1,m1,m1_current_k6,class_3_boundary_recall_t4,True,5,0.03645240032546787,0.05207485760781122,0.08466886630681014,-0.08543531326281528,0.13466232709519937,4,-0.08543531326281528,3,2,0,3,2,0
cap50,50,m1_current_k6_vs_m1,Current K6 - Historical M1,m1,m1_current_k6,class_5_f1,True,5,0.013625563792997036,0.00826875193904325,0.06642277059512741,-0.07733518169087367,0.09028939564306127,1,-0.07733518169087367,3,2,0,3,2,0
cap50,50,m1_current_k6_vs_m1,Current K6 - Historical M1,m1,m1_current_k6,class_5_iou,True,5,0.009692533964513122,0.006037562708477412,0.04628246958528859,-0.05292781798673049,0.0646217961747026,1,-0.05292781798673049,3,2,0,3,2,0
cap50,50,m1_current_k6_vs_m1,Current K6 - Historical M1,m1,m1_current_k6,class_5_boundary_recall_t2,True,5,-0.049729729729729735,-0.021621621621621623,0.10725337789950785,-0.23243243243243245,0.032432432432432434,3,-0.23243243243243245,2,3,0,2,3,0
cap50,50,m1_current_k6_vs_m1,Current K6 - Historical M1,m1,m1_current_k6,class_5_boundary_recall_t4,True,5,-0.05297297297297297,-0.03783783783783784,0.1190662478033156,-0.23783783783783785,0.06486486486486487,3,-0.23783783783783785,2,3,0,2,3,0
cap50,50,m1_current_k6_vs_mae,Current K6 - MAE,mae,m1_current_k6,macro_f1,True,5,0.022608781216989192,0.02720455777767916,0.01781032647465077,-0.006169864247372314,0.03996398712144145,4,-0.006169864247372314,4,1,0,4,1,0
cap50,50,m1_current_k6_vs_mae,Current K6 - MAE,mae,m1_current_k6,mean_iou,True,5,0.02945757832513298,0.029778871151691977,0.016197741182235863,0.009260845246090277,0.05402274439057353,4,0.009260845246090277,5,0,0,5,0,0
cap50,50,m1_current_k6_vs_mae,Current K6 - MAE,mae,m1_current_k6,balanced_accuracy,True,5,0.021633784616297703,0.0005661002886623301,0.053278184031575165,-0.027833785125805033,0.10115614700563946,4,-0.027833785125805033,3,2,0,3,2,0
cap50,50,m1_current_k6_vs_mae,Current K6 - MAE,mae,m1_current_k6,accuracy,True,5,0.026759490870726755,0.02971480592849729,0.013819879712072672,0.007004356186295024,0.04126890942195449,2,0.007004356186295024,5,0,0,5,0,0
cap50,50,m1_current_k6_vs_mae,Current K6 - MAE,mae,m1_current_k6,weighted_f1,True,5,0.025163810928037256,0.02877941139049245,0.012581723391088043,0.011078376460570416,0.04132926474018761,2,0.011078376460570416,5,0,0,5,0,0
cap50,50,m1_current_k6_vs_mae,Current K6 - MAE,mae,m1_current_k6,boundary_region_macro_f1_r2,True,5,0.024419211018588495,0.02549614787686183,0.019838280435048046,-0.006334839671407133,0.0440929592818452,4,-0.006334839671407133,4,1,0,4,1,0
cap50,50,m1_current_k6_vs_mae,Current K6 - MAE,mae,m1_current_k6,boundary_region_macro_f1_r4,True,5,0.027838241656996367,0.03132689376564274,0.020650269713127643,-0.0052822545630635265,0.04919302800741532,4,-0.0052822545630635265,4,1,0,4,1,0
cap50,50,m1_current_k6_vs_mae,Current K6 - MAE,mae,m1_current_k6,boundary_region_mean_iou_r2,True,5,0.020202251316771735,0.018646158788641898,0.017177289432954157,-0.004938771223920613,0.04088121000274403,4,-0.004938771223920613,4,1,0,4,1,0
cap50,50,m1_current_k6_vs_mae,Current K6 - MAE,mae,m1_current_k6,boundary_region_mean_iou_r4,True,5,0.02526734804839744,0.02440321270208262,0.018537402221325782,-0.002174051304349889,0.048637224956409375,4,-0.002174051304349889,4,1,0,4,1,0
cap50,50,m1_current_k6_vs_mae,Current K6 - MAE,mae,m1_current_k6,boundary_f1_t2,True,5,0.02723076914723686,0.02855501924497797,0.012056952342609341,0.010074239815557884,0.04144080914146417,0,0.010074239815557884,5,0,0,5,0,0
cap50,50,m1_current_k6_vs_mae,Current K6 - MAE,mae,m1_current_k6,boundary_f1_t4,True,5,0.036835908414719135,0.03464886308280585,0.007338860478794015,0.02824194940666047,0.047898444617554936,2,0.02824194940666047,5,0,0,5,0,0
cap50,50,m1_current_k6_vs_mae,Current K6 - MAE,mae,m1_current_k6,vertical_boundary_position_mae,False,5,-0.015826865589205673,-0.015516216420781825,0.09870029509014294,-0.14780475791889924,0.12304807734453882,0,0.12304807734453882,3,2,0,3,2,0
cap50,50,m1_current_k6_vs_mae,Current K6 - MAE,mae,m1_current_k6,class_3_f1,True,5,0.025146071595625853,0.03225886192769856,0.040534127163470386,-0.03632588864743813,0.07079982899343579,2,-0.03632588864743813,4,1,0,4,1,0
cap50,50,m1_current_k6_vs_mae,Current K6 - MAE,mae,m1_current_k6,class_3_iou,True,5,0.021844164832987067,0.026827372864287657,0.03566591022813811,-0.032169819652406284,0.06305744267473684,2,-0.032169819652406284,4,1,0,4,1,0
cap50,50,m1_current_k6_vs_mae,Current K6 - MAE,mae,m1_current_k6,class_3_boundary_recall_t2,True,5,-0.03059397884458912,-0.004882017900732394,0.05625026643185827,-0.10659072416598858,0.029698942229454794,4,-0.10659072416598858,1,3,1,1,3,1
cap50,50,m1_current_k6_vs_mae,Current K6 - MAE,mae,m1_current_k6,class_3_boundary_recall_t4,True,5,-0.04524003254678601,-0.0382424735557364,0.0656905346451251,-0.11269324654190405,0.029292107404393808,4,-0.11269324654190405,2,3,0,2,3,0
cap50,50,m1_current_k6_vs_mae,Current K6 - MAE,mae,m1_current_k6,class_5_f1,True,5,0.005457587428989008,0.008290286799507995,0.05718183370788202,-0.084258096070711,0.055075450566730855,4,-0.084258096070711,3,2,0,3,2,0
cap50,50,m1_current_k6_vs_mae,Current K6 - MAE,mae,m1_current_k6,class_5_iou,True,5,0.0025836345303352102,0.005397302375067775,0.04260941562188929,-0.06515597420912397,0.04024368827399391,4,-0.06515597420912397,3,2,0,3,2,0
cap50,50,m1_current_k6_vs_mae,Current K6 - MAE,mae,m1_current_k6,class_5_boundary_recall_t2,True,5,-0.05513513513513514,-0.02702702702702703,0.11411680097990615,-0.24864864864864866,0.04864864864864865,3,-0.24864864864864866,1,3,1,1,3,1
cap50,50,m1_current_k6_vs_mae,Current K6 - MAE,mae,m1_current_k6,class_5_boundary_recall_t4,True,5,-0.06918918918918919,-0.05945945945945946,0.1402491782298788,-0.28648648648648645,0.10270270270270265,3,-0.28648648648648645,1,4,0,1,4,0
cap50,50,m1_vs_mae,Historical M1 - MAE,mae,m1,macro_f1,True,5,0.02663818231756767,0.027866855558106973,0.01454387822036656,0.003998739510716387,0.04417552482862952,4,0.003998739510716387,5,0,0,5,0,0
cap50,50,m1_vs_mae,Historical M1 - MAE,mae,m1,mean_iou,True,5,0.036033901034517715,0.031943592697673884,0.01726983693292547,0.0191635862303009,0.06055641983537596,1,0.0191635862303009,5,0,0,5,0,0
cap50,50,m1_vs_mae,Historical M1 - MAE,mae,m1,balanced_accuracy,True,5,0.01724097081884235,0.01432882883971942,0.03467544652981242,-0.02895443693645472,0.05212000392285454,4,-0.02895443693645472,3,2,0,3,2,0
cap50,50,m1_vs_mae,Historical M1 - MAE,mae,m1,accuracy,True,5,0.03867944594755559,0.03847397348852244,0.013850538810084452,0.019668776694403256,0.057562067146527784,1,0.019668776694403256,5,0,0,5,0,0
cap50,50,m1_vs_mae,Historical M1 - MAE,mae,m1,weighted_f1,True,5,0.034318258769492994,0.03630376254135048,0.017149297132055444,0.009340322463898931,0.05543339276495429,1,0.009340322463898931,5,0,0,5,0,0
cap50,50,m1_vs_mae,Historical M1 - MAE,mae,m1,boundary_region_macro_f1_r2,True,5,0.02641362461143424,0.026901720593874634,0.013685694224633633,0.006664907366116968,0.04288237356519664,4,0.006664907366116968,5,0,0,5,0,0
cap50,50,m1_vs_mae,Historical M1 - MAE,mae,m1,boundary_region_macro_f1_r4,True,5,0.028630016056850817,0.030662659743101728,0.014787084211184834,0.004257649738343194,0.043640494253255,4,0.004257649738343194,5,0,0,5,0,0
cap50,50,m1_vs_mae,Historical M1 - MAE,mae,m1,boundary_region_mean_iou_r2,True,5,0.02311805199671938,0.026331274929081494,0.011871738943707568,0.007953449542453916,0.03408693198329732,4,0.007953449542453916,5,0,0,5,0,0
cap50,50,m1_vs_mae,Historical M1 - MAE,mae,m1,boundary_region_mean_iou_r4,True,5,0.02772918833333392,0.02999501992319692,0.01220399391235382,0.008829635696089855,0.03946607962464027,4,0.008829635696089855,5,0,0,5,0,0
cap50,50,m1_vs_mae,Historical M1 - MAE,mae,m1,boundary_f1_t2,True,5,0.039804443625974566,0.03002722200925495,0.02330429351948149,0.01936048483820385,0.0792883179369391,1,0.01936048483820385,5,0,0,5,0,0
cap50,50,m1_vs_mae,Historical M1 - MAE,mae,m1,boundary_f1_t4,True,5,0.06992740520292264,0.06231763151575642,0.04131656606555053,0.0274422890323327,0.13808634596260522,1,0.0274422890323327,5,0,0,5,0,0
cap50,50,m1_vs_mae,Historical M1 - MAE,mae,m1,vertical_boundary_position_mae,False,5,0.07070372410125488,0.037888223447106295,0.06932206724718001,0.012074137580386113,0.14906070601965737,2,0.14906070601965737,0,5,0,0,5,0
cap50,50,m1_vs_mae,Historical M1 - MAE,mae,m1,class_3_f1,True,5,0.03616415502850503,0.044043082708965564,0.02925012591120187,0.004009581896973979,0.07045854632067022,2,0.004009581896973979,5,0,0,5,0,0
cap50,50,m1_vs_mae,Historical M1 - MAE,mae,m1,class_3_iou,True,5,0.031323196386337106,0.03852243176228687,0.024978543543046065,0.0036475689267597144,0.06104880830764958,2,0.0036475689267597144,5,0,0,5,0,0
cap50,50,m1_vs_mae,Historical M1 - MAE,mae,m1,class_3_boundary_recall_t2,True,5,-0.08608624898291296,-0.061432058584214855,0.06426612514703114,-0.20016273393002448,-0.04963384865744508,2,-0.20016273393002448,0,5,0,0,5,0
cap50,50,m1_vs_mae,Historical M1 - MAE,mae,m1,class_3_boundary_recall_t4,True,5,-0.08169243287225389,-0.055329536208299446,0.05914964232165641,-0.17290480065093577,-0.027257933279088764,2,-0.17290480065093577,0,5,0,0,5,0
cap50,50,m1_vs_mae,Historical M1 - MAE,mae,m1,class_5_f1,True,5,-0.008167976364008029,-0.009283975771118586,0.06518641484505452,-0.09252684800975425,0.08562546849038166,4,-0.09252684800975425,2,3,0,2,3,0
cap50,50,m1_vs_mae,Historical M1 - MAE,mae,m1,class_5_iou,True,5,-0.0071088994341779125,-0.006081181507609029,0.04719509603946146,-0.07119353691760139,0.058325120361798266,4,-0.07119353691760139,2,3,0,2,3,0
cap50,50,m1_vs_mae,Historical M1 - MAE,mae,m1,class_5_boundary_recall_t2,True,5,-0.005405405405405406,-0.016216216216216217,0.03822198817224581,-0.04864864864864865,0.04864864864864865,1,-0.04864864864864865,2,3,0,2,3,0
cap50,50,m1_vs_mae,Historical M1 - MAE,mae,m1,class_5_boundary_recall_t4,True,5,-0.016216216216216217,-0.021621621621621623,0.04063053075235919,-0.05945945945945946,0.037837837837837784,1,-0.05945945945945946,2,3,0,2,3,0
cap100,100,m1_current_k6_vs_m1,Current K6 - Historical M1,m1,m1_current_k6,macro_f1,True,5,-0.0003241526332433464,-0.004582060845087832,0.013831529006327158,-0.011867536312950122,0.022170112295756716,2,-0.011867536312950122,2,3,0,2,3,0
cap100,100,m1_current_k6_vs_m1,Current K6 - Historical M1,m1,m1_current_k6,mean_iou,True,5,-0.0017660345486217865,-0.004344232781223312,0.016056119172472336,-0.014448296794893123,0.02582005106940155,2,-0.014448296794893123,1,4,0,1,4,0
cap100,100,m1_current_k6_vs_m1,Current K6 - Historical M1,m1,m1_current_k6,balanced_accuracy,True,5,0.014783155871790844,0.004921713275630957,0.018306356538987472,-0.0035284849732333257,0.04032325354684829,4,-0.0035284849732333257,4,1,0,4,1,0
cap100,100,m1_current_k6_vs_m1,Current K6 - Historical M1,m1,m1_current_k6,accuracy,True,5,-0.005831078666598599,-0.012353872071060312,0.01629674523091821,-0.014957374036449034,0.023195415794578622,2,-0.014957374036449034,1,4,0,1,4,0
cap100,100,m1_current_k6_vs_m1,Current K6 - Historical M1,m1,m1_current_k6,weighted_f1,True,5,-0.0026735604288602,-0.007474144228780233,0.014023449998160513,-0.013776489447946405,0.020976325465868806,2,-0.013776489447946405,1,4,0,1,4,0
cap100,100,m1_current_k6_vs_m1,Current K6 - Historical M1,m1,m1_current_k6,boundary_region_macro_f1_r2,True,5,0.0009553540581172304,0.0006090260790825308,0.006773311254262173,-0.009060808349071692,0.009509254538370648,3,-0.009060808349071692,3,2,0,3,2,0
cap100,100,m1_current_k6_vs_m1,Current K6 - Historical M1,m1,m1_current_k6,boundary_region_macro_f1_r4,True,5,-9.143992643727561e-05,0.0040187819530543845,0.00832588936661629,-0.009201280553150948,0.008839139302463161,3,-0.009201280553150948,3,2,0,3,2,0
cap100,100,m1_current_k6_vs_m1,Current K6 - Historical M1,m1,m1_current_k6,boundary_region_mean_iou_r2,True,5,0.0007898411346256018,0.0007570391047843628,0.006767591515173262,-0.008289740271293589,0.00870351549975018,3,-0.008289740271293589,3,2,0,3,2,0
cap100,100,m1_current_k6_vs_m1,Current K6 - Historical M1,m1,m1_current_k6,boundary_region_mean_iou_r4,True,5,-0.0006976919363888112,-0.000132326732417809,0.008896411691758166,-0.010983659502101284,0.009072307267123159,3,-0.010983659502101284,2,3,0,2,3,0
cap100,100,m1_current_k6_vs_m1,Current K6 - Historical M1,m1,m1_current_k6,boundary_f1_t2,True,5,-0.0034087062718026638,-0.0009421589527756069,0.011149245603338277,-0.017603183298544822,0.007372234890546447,3,-0.017603183298544822,2,3,0,2,3,0
cap100,100,m1_current_k6_vs_m1,Current K6 - Historical M1,m1,m1_current_k6,boundary_f1_t4,True,5,0.001354319577779084,-0.002170840098173754,0.0295843976754311,-0.030528852244272653,0.0472676369959899,3,-0.030528852244272653,2,3,0,2,3,0
cap100,100,m1_current_k6_vs_m1,Current K6 - Historical M1,m1,m1_current_k6,vertical_boundary_position_mae,False,5,0.036920398134659305,0.020626905281233565,0.08212184365738366,-0.05462324702935528,0.1647757914037642,1,0.1647757914037642,2,3,0,2,3,0
cap100,100,m1_current_k6_vs_m1,Current K6 - Historical M1,m1,m1_current_k6,class_3_f1,True,5,0.010158250131568902,0.02829052624883205,0.03030342270292143,-0.02713495268815702,0.03895504149791568,4,-0.02713495268815702,3,2,0,3,2,0
cap100,100,m1_current_k6_vs_m1,Current K6 - Historical M1,m1,m1_current_k6,class_3_iou,True,5,0.008982595985142039,0.025410657757386823,0.028842507221705782,-0.026448673040170345,0.0353283192657779,4,-0.026448673040170345,3,2,0,3,2,0
cap100,100,m1_current_k6_vs_m1,Current K6 - Historical M1,m1,m1_current_k6,class_3_boundary_recall_t2,True,5,0.030675345809601316,0.05044751830756716,0.07270207760902123,-0.08746948738812044,0.10903173311635478,1,-0.08746948738812044,4,1,0,4,1,0
cap100,100,m1_current_k6_vs_m1,Current K6 - Historical M1,m1,m1_current_k6,class_3_boundary_recall_t4,True,5,0.048331977217249786,0.040276647681041444,0.061402010120797525,-0.028478437754271724,0.14279902359641988,1,-0.028478437754271724,4,1,0,4,1,0
cap100,100,m1_current_k6_vs_m1,Current K6 - Historical M1,m1,m1_current_k6,class_5_f1,True,5,0.013224929131772579,-0.01015014185995583,0.05299560043320004,-0.033214961417059874,0.08154096393578553,0,-0.033214961417059874,2,3,0,2,3,0
cap100,100,m1_current_k6_vs_m1,Current K6 - Historical M1,m1,m1_current_k6,class_5_iou,True,5,0.010967253782866221,-0.00859492830750469,0.0434632263080664,-0.025874143950954664,0.068999170856756,0,-0.025874143950954664,2,3,0,2,3,0
cap100,100,m1_current_k6_vs_m1,Current K6 - Historical M1,m1,m1_current_k6,class_5_boundary_recall_t2,True,5,0.02702702702702703,-0.04864864864864865,0.14423420609866308,-0.0918918918918919,0.23243243243243245,1,-0.0918918918918919,2,3,0,2,3,0
cap100,100,m1_current_k6_vs_m1,Current K6 - Historical M1,m1,m1_current_k6,class_5_boundary_recall_t4,True,5,0.022702702702702693,-0.021621621621621623,0.13363491580854003,-0.13513513513513514,0.21621621621621617,0,-0.13513513513513514,2,3,0,2,3,0
cap100,100,m1_current_k6_vs_mae,Current K6 - MAE,mae,m1_current_k6,macro_f1,True,5,0.010167411838916784,0.01143976801123181,0.011952711955628479,-0.007433799396393326,0.024829845356569624,0,-0.007433799396393326,4,1,0,4,1,0
cap100,100,m1_current_k6_vs_mae,Current K6 - MAE,mae,m1_current_k6,mean_iou,True,5,0.011180716225915632,0.015192449323789936,0.013882478048592257,-0.010486427867276271,0.026599011474562007,0,-0.010486427867276271,4,1,0,4,1,0
cap100,100,m1_current_k6_vs_mae,Current K6 - MAE,mae,m1_current_k6,balanced_accuracy,True,5,0.031030902374481473,0.03655066144016328,0.019991379192977853,0.00030973557491553727,0.05017270837017829,4,0.00030973557491553727,5,0,0,5,0,0
cap100,100,m1_current_k6_vs_mae,Current K6 - MAE,mae,m1_current_k6,accuracy,True,5,-0.0011545595317099754,-0.00073383021083262,0.015030538594836091,-0.024516310174077294,0.017073782905372092,0,-0.024516310174077294,2,3,0,2,3,0
cap100,100,m1_current_k6_vs_mae,Current K6 - MAE,mae,m1_current_k6,weighted_f1,True,5,0.0017850548107299913,0.0013848201511107439,0.011411205516517645,-0.01524337350058036,0.016555553765569164,0,-0.01524337350058036,4,1,0,4,1,0
cap100,100,m1_current_k6_vs_mae,Current K6 - MAE,mae,m1_current_k6,boundary_region_macro_f1_r2,True,5,0.007067196261081809,0.0007594888740425354,0.011030651862010079,-0.001607378476872534,0.024513934526756598,2,-0.001607378476872534,4,1,0,4,1,0
cap100,100,m1_current_k6_vs_mae,Current K6 - MAE,mae,m1_current_k6,boundary_region_macro_f1_r4,True,5,0.0091179514495775,0.006282235735149855,0.0077905560643182275,0.002398591919522741,0.022197366959312403,2,0.002398591919522741,5,0,0,5,0,0
cap100,100,m1_current_k6_vs_mae,Current K6 - MAE,mae,m1_current_k6,boundary_region_mean_iou_r2,True,5,0.006273450262782832,0.0003353862379448791,0.010295955386660404,-0.002454458098727408,0.02223162886990193,3,-0.002454458098727408,4,1,0,4,1,0
cap100,100,m1_current_k6_vs_mae,Current K6 - MAE,mae,m1_current_k6,boundary_region_mean_iou_r4,True,5,0.008624146531311638,0.0046998076095335906,0.008422999983329156,0.0028744167929619646,0.02296340582983425,2,0.0028744167929619646,5,0,0,5,0,0
cap100,100,m1_current_k6_vs_mae,Current K6 - MAE,mae,m1_current_k6,boundary_f1_t2,True,5,0.006816441118218231,0.01036796138641366,0.016800155780667028,-0.02090772775378863,0.02208976238707383,0,-0.02090772775378863,4,1,0,4,1,0
cap100,100,m1_current_k6_vs_mae,Current K6 - MAE,mae,m1_current_k6,boundary_f1_t4,True,5,0.013860011202997713,0.0012712964291682338,0.026126217156423777,-0.014985717650336683,0.04267961431496936,0,-0.014985717650336683,3,2,0,3,2,0
cap100,100,m1_current_k6_vs_mae,Current K6 - MAE,mae,m1_current_k6,vertical_boundary_position_mae,False,5,0.032024977438710425,0.05419055736003697,0.07929487910779215,-0.08998514769199417,0.10637748470415653,1,0.10637748470415653,1,4,0,1,4,0
cap100,100,m1_current_k6_vs_mae,Current K6 - MAE,mae,m1_current_k6,class_3_f1,True,5,-0.008658335441914678,-0.0020962267947590707,0.024122473486219115,-0.038886778251804865,0.018247074837128285,4,-0.038886778251804865,2,3,0,2,3,0
cap100,100,m1_current_k6_vs_mae,Current K6 - MAE,mae,m1_current_k6,class_3_iou,True,5,-0.008114401280884443,-0.001954389651229238,0.023568627872412068,-0.03821981989674067,0.01838395695385836,4,-0.03821981989674067,2,3,0,2,3,0
cap100,100,m1_current_k6_vs_mae,Current K6 - MAE,mae,m1_current_k6,class_3_boundary_recall_t2,True,5,0.008136696501220508,-0.0231895850284784,0.08294792414868128,-0.07811228641171686,0.10496338486574452,1,-0.07811228641171686,2,3,0,2,3,0
cap100,100,m1_current_k6_vs_mae,Current K6 - MAE,mae,m1_current_k6,class_3_boundary_recall_t4,True,5,0.0161106590724166,-0.03580146460537015,0.08934568868377155,-0.06509357200976407,0.14564686737184707,3,-0.06509357200976407,2,3,0,2,3,0
cap100,100,m1_current_k6_vs_mae,Current K6 - MAE,mae,m1_current_k6,class_5_f1,True,5,0.056311632392960186,0.033925790179447246,0.04576942747721018,0.01099673029242626,0.1257904568893804,2,0.01099673029242626,5,0,0,5,0,0
cap100,100,m1_current_k6_vs_mae,Current K6 - MAE,mae,m1_current_k6,class_5_iou,True,5,0.04391669972804112,0.02960045886875151,0.03411362866261675,0.008872307023223669,0.09410093280453452,2,0.008872307023223669,5,0,0,5,0,0
cap100,100,m1_current_k6_vs_mae,Current K6 - MAE,mae,m1_current_k6,class_5_boundary_recall_t2,True,5,0.05297297297297297,0.05405405405405406,0.1677592626272071,-0.10810810810810811,0.2810810810810811,0,-0.10810810810810811,3,2,0,3,2,0
cap100,100,m1_current_k6_vs_mae,Current K6 - MAE,mae,m1_current_k6,class_5_boundary_recall_t4,True,5,0.033513513513513504,0.04864864864864865,0.18901149956706395,-0.25405405405405407,0.2378378378378378,0,-0.25405405405405407,3,2,0,3,2,0
cap100,100,m1_vs_mae,Historical M1 - MAE,mae,m1,macro_f1,True,5,0.01049156447216013,0.012806772528207055,0.010553635462476325,-0.002851738551305494,0.023307304324181932,0,-0.002851738551305494,4,1,0,4,1,0
cap100,100,m1_vs_mae,Historical M1 - MAE,mae,m1,mean_iou,True,5,0.012946750774537419,0.019136660991187382,0.015307898527751555,-0.0061421950860529595,0.03149664868190638,0,-0.0061421950860529595,4,1,0,4,1,0
cap100,100,m1_vs_mae,Historical M1 - MAE,mae,m1,balanced_accuracy,True,5,0.01624774650269063,0.01767764353901713,0.02426233157577254,-0.017207755077286446,0.04525099509454733,3,-0.017207755077286446,4,1,0,4,1,0
cap100,100,m1_vs_mae,Historical M1 - MAE,mae,m1,accuracy,True,5,0.004676519134888623,0.010877703473037514,0.013782431916605503,-0.013493967702962628,0.018837102455459775,0,-0.013493967702962628,3,2,0,3,2,0
cap100,100,m1_vs_mae,Historical M1 - MAE,mae,m1,weighted_f1,True,5,0.004458615239590191,0.008462918786493745,0.013330611932253413,-0.01374577057185511,0.0190159885277833,0,-0.01374577057185511,3,2,0,3,2,0
cap100,100,m1_vs_mae,Historical M1 - MAE,mae,m1,boundary_region_macro_f1_r2,True,5,0.006111842202964579,0.009228314387624836,0.00796974139718467,-0.0031327467652436103,0.01500467998838595,0,-0.0031327467652436103,3,2,0,3,2,0
cap100,100,m1_vs_mae,Historical M1 - MAE,mae,m1,boundary_region_macro_f1_r4,True,5,0.009209391376014776,0.011160627459402273,0.006048141589917839,0.0008572431431144167,0.015483516288300803,0,0.0008572431431144167,5,0,0,5,0,0
cap100,100,m1_vs_mae,Historical M1 - MAE,mae,m1,boundary_region_mean_iou_r2,True,5,0.00548360912815723,0.005835282172566181,0.008503725069950716,-0.005379119334760707,0.013906280755697997,0,-0.005379119334760707,3,2,0,3,2,0
cap100,100,m1_vs_mae,Historical M1 - MAE,mae,m1,boundary_region_mean_iou_r4,True,5,0.00932183846770045,0.011180002153651225,0.006709645516809259,-0.002160997036607548,0.014206699042162041,0,-0.002160997036607548,4,1,0,4,1,0
cap100,100,m1_vs_mae,Historical M1 - MAE,mae,m1,boundary_f1_t2,True,5,0.010225147390020894,0.014717527496527383,0.019386932443127433,-0.019965568801013023,0.029619478996943616,0,-0.019965568801013023,4,1,0,4,1,0
cap100,100,m1_vs_mae,Historical M1 - MAE,mae,m1,boundary_f1_t4,True,5,0.01250569162521863,0.01759470353483783,0.027646104219976878,-0.023512777991358202,0.044850454413143115,0,-0.023512777991358202,3,2,0,3,2,0
cap100,100,m1_vs_mae,Historical M1 - MAE,mae,m1,vertical_boundary_position_mae,False,5,-0.004895420695948882,0.0034466759461788676,0.04099064192714847,-0.05839830669960766,0.03356365207880341,0,0.03356365207880341,2,3,0,2,3,0
cap100,100,m1_vs_mae,Historical M1 - MAE,mae,m1,class_3_f1,True,5,-0.01881658557348358,-0.011751825563647844,0.031622307304801735,-0.056479401597461065,0.025508615072879937,0,-0.056479401597461065,1,4,0,1,4,0
cap100,100,m1_vs_mae,Historical M1 - MAE,mae,m1,class_3_iou,True,5,-0.01709699726602648,-0.011771146856570325,0.029553399087958978,-0.05171627877328838,0.025463888839775017,0,-0.05171627877328838,1,4,0,1,4,0
cap100,100,m1_vs_mae,Historical M1 - MAE,mae,m1,class_3_boundary_recall_t2,True,5,-0.022538649308380808,-0.004068348250610254,0.049450601449179156,-0.07607811228641176,0.03173311635475995,2,-0.07607811228641176,2,3,0,2,3,0
cap100,100,m1_vs_mae,Historical M1 - MAE,mae,m1,class_3_boundary_recall_t4,True,5,-0.032221318144833186,-0.007323026851098424,0.06288816353212515,-0.11716842961757523,0.03702196908055322,3,-0.11716842961757523,2,3,0,2,3,0
cap100,100,m1_vs_mae,Historical M1 - MAE,mae,m1,class_5_f1,True,5,0.04308670326118761,0.06632267253602958,0.05336771324228426,-0.04761517375633828,0.08788761534453315,3,-0.04761517375633828,4,1,0,4,1,0
cap100,100,m1_vs_mae,Historical M1 - MAE,mae,m1,class_5_iou,True,5,0.03294944594517489,0.04896777139634187,0.04254526296693346,-0.03939871198800449,0.070849468571619,3,-0.03939871198800449,4,1,0,4,1,0
cap100,100,m1_vs_mae,Historical M1 - MAE,mae,m1,class_5_boundary_recall_t2,True,5,0.025945945945945948,0.021621621621621623,0.05246307268562564,-0.02702702702702703,0.10270270270270271,0,-0.02702702702702703,3,2,0,3,2,0
cap100,100,m1_vs_mae,Historical M1 - MAE,mae,m1,class_5_boundary_recall_t4,True,5,0.010810810810810811,0.021621621621621623,0.07990132702213235,-0.11891891891891893,0.08108108108108109,0,-0.11891891891891893,3,1,1,3,1,1
