head_k,axis,valid_token_count,changed_token_count,changed_token_fraction,source_state_occupancy_json,output_state_occupancy_json,empty_output_state_count,source_temporal_transition_count,output_temporal_transition_count,ordered_path_violations_source,ordered_path_violations_output,absolute_disagreement_reduction,output_disagreement_count,output_disagreement_fraction,relative_disagreement_reduction,source_disagreement_count,source_disagreement_fraction,valid_edge_count
6,x,162960,4316,0.026485027000490918,"[9583,11076,12182,61178,32739,36202]","[9599,11059,11747,62162,31720,36673]",0,26857,26287,0,0,0.033929507501060885,31826,0.1986096203289983,0.14590881034806644,37263,0.23253912783005917,160244
6,y,162960,4316,0.026485027000490918,"[9583,11076,12182,61178,32739,36202]","[9599,11059,11747,62162,31720,36673]",0,26857,26287,0,0,0.03335813492063491,32535,0.20172991071428573,0.14189634709217985,37915,0.23508804563492064,161280
6,combined,162960,4316,0.026485027000490918,"[9583,11076,12182,61178,32739,36202]","[9599,11059,11747,62162,31720,36673]",0,26857,26287,0,0,0.033642900685485366,64361,0.20017479255047835,0.14388517917475854,75178,0.23381769323596371,321524
8,x,162960,4477,0.027472999509081983,"[11513,15587,46989,21251,19061,23308,15865,9386]","[11465,15353,48059,20498,18832,23461,15887,9405]",0,36375,35540,0,0,0.035083996904720305,42188,0.2632735079004518,0.11759046224639198,47810,0.2983575048051721,160244
8,y,162960,4477,0.027472999509081983,"[11513,15587,46989,21251,19061,23308,15865,9386]","[11465,15353,48059,20498,18832,23461,15887,9405]",0,36375,35540,0,0,0.033537946428571386,44197,0.2740389384920635,0.10903922912550888,49606,0.3075768849206349,161280
8,combined,162960,4477,0.027472999509081983,"[11513,15587,46989,21251,19061,23308,15865,9386]","[11465,15353,48059,20498,18832,23461,15887,9405]",0,36375,35540,0,0,0.03430848085990468,86385,0.26867356713651236,0.11323601872382352,97416,0.30298204799641704,321524
10,x,162960,4438,0.027233676975945018,"[549,3420,7106,12669,13322,32082,21913,44985,16276,10638]","[548,3418,7077,12605,13260,32497,21219,45499,16234,10603]",0,37267,36391,0,0,0.03407303861611041,39340,0.24550061156735978,0.12187499999999994,44800,0.2795736501834702,160244
10,y,162960,4438,0.027233676975945018,"[549,3420,7106,12669,13322,32082,21913,44985,16276,10638]","[548,3418,7077,12605,13260,32497,21219,45499,16234,10603]",0,37267,36391,0,0,0.03423239087301588,40997,0.25419766865079363,0.11868524012210331,46518,0.2884300595238095,161280
10,combined,162960,4438,0.027233676975945018,"[549,3420,7106,12669,13322,32082,21913,44985,16276,10638]","[548,3418,7077,12605,13260,32497,21219,45499,16234,10603]",0,37267,36391,0,0,0.03415297147335811,80337,0.24986315173983903,0.12025011498280724,91318,0.28401612321319714,321524
