event_index,event_type,status,phase,checkpoint_kind,epoch,refresh_epoch,generation_index,generation_id,global_step_before,global_step_after,refresh_phase,source_student_state_sha256,student_state_sha256,optimizer_state_sha256,active_generation_manifest_path,active_generation_manifest_sha256,active_generation_content_sha256,active_target_manifest_path,active_target_manifest_sha256,output_generation_manifest_path,output_generation_manifest_sha256,recovered_from_completed_step
0,generation,complete,initial_bind,,,,0,refresh_0000_initial,0,0,,,,,,,,${SEIS_SSL_CLUSTER_ARTIFACT_ROOT}/pseudo_targets/f3/facies_benchmark_v1/strat_hmm_multi_k6810_pca64_resid_token_phase_edge8_expected3_iter10_v1/multi_head_target_manifest.json,c0b4edc17774d522bc0896db1366166628135d8369d2e063fd6183c66b01d15c,${SEIS_SSL_CLUSTER_ARTIFACT_ROOT}/pretraining/f3/facies_benchmark_v1/strat_hmm_pretext_mh_k6810_ctmask010_refresh3ep_hmm2_nocons_topblock1_distill_v1/target_refresh/generations/refresh_0000_initial/refresh_generation.json,6f9738585ac43b248e5a065f4dc0e6a1cd3a35b8f6153bd2d28e4a0d9856c20a,
1,checkpoint,complete,,step,1,,,,499,500,,,ce418dbab59acd9e01abc1cad6eb60a65240bd5a8dbe494127746e9968604293,d2f20f9b41d8b1d0d208a5ada751660715563a6823584c350c697668a4e982bc,,6f9738585ac43b248e5a065f4dc0e6a1cd3a35b8f6153bd2d28e4a0d9856c20a,4f53cda18c2baa0c0354bb5f9a3ecbe5ed12ab4d8e11ba873c2f11161202b945,,c0b4edc17774d522bc0896db1366166628135d8369d2e063fd6183c66b01d15c,,,
2,checkpoint,complete,,step,1,,,,999,1000,,,84de3176b39cca3d5ff46a75ac76800a04d585e86329a45caa3324be68bc0275,37683c6081436e528d1322e702b17d006e009cf7fb7a2157bc6b470db056ad6a,,6f9738585ac43b248e5a065f4dc0e6a1cd3a35b8f6153bd2d28e4a0d9856c20a,4f53cda18c2baa0c0354bb5f9a3ecbe5ed12ab4d8e11ba873c2f11161202b945,,c0b4edc17774d522bc0896db1366166628135d8369d2e063fd6183c66b01d15c,,,
3,checkpoint,complete,,epoch,1,,,,1024,1024,training,,1d599f401fd015e448873297d59dccc167c3bc83c377016eac735d842201c739,c28d1d851dea68f4d8d7ea31eb33aae4bf25a14aef1297f1e4434f29ba563f3e,,6f9738585ac43b248e5a065f4dc0e6a1cd3a35b8f6153bd2d28e4a0d9856c20a,4f53cda18c2baa0c0354bb5f9a3ecbe5ed12ab4d8e11ba873c2f11161202b945,,c0b4edc17774d522bc0896db1366166628135d8369d2e063fd6183c66b01d15c,,,
4,checkpoint,complete,,step,2,,,,1499,1500,,,2aab7bd45541ae4d3926fd3998e9a9bb7e981c0f2284b3895464bc421fe7328f,d3c8b75b51e87fe674dd80d14acaefeb4619c0b49b0b8528ea4a11f9a88b21fc,,6f9738585ac43b248e5a065f4dc0e6a1cd3a35b8f6153bd2d28e4a0d9856c20a,4f53cda18c2baa0c0354bb5f9a3ecbe5ed12ab4d8e11ba873c2f11161202b945,,c0b4edc17774d522bc0896db1366166628135d8369d2e063fd6183c66b01d15c,,,
5,checkpoint,complete,,step,2,,,,1999,2000,,,281f318ebae45fbf54913e222dce4d1fb8f1cc4c5334b47df199b01f1feba712,08befcdc542e7431b9c43a935c08d64f4839d1f64352a8e1fcdc794cb7c41159,,6f9738585ac43b248e5a065f4dc0e6a1cd3a35b8f6153bd2d28e4a0d9856c20a,4f53cda18c2baa0c0354bb5f9a3ecbe5ed12ab4d8e11ba873c2f11161202b945,,c0b4edc17774d522bc0896db1366166628135d8369d2e063fd6183c66b01d15c,,,
6,checkpoint,complete,,epoch,2,,,,2048,2048,refresh_required,,9fc020188263873c3d20dc64fb0a1aba54474b75f3a054ae816168a32c800fc2,ef3e3b39a1fcd8cd7feffe210ce5ba807484a118dc55be7bf342c594ee0ec986,,6f9738585ac43b248e5a065f4dc0e6a1cd3a35b8f6153bd2d28e4a0d9856c20a,4f53cda18c2baa0c0354bb5f9a3ecbe5ed12ab4d8e11ba873c2f11161202b945,,c0b4edc17774d522bc0896db1366166628135d8369d2e063fd6183c66b01d15c,,,
7,refresh,start,,,,2,1,refresh_0001_epoch002,2048,,,9fc020188263873c3d20dc64fb0a1aba54474b75f3a054ae816168a32c800fc2,9fc020188263873c3d20dc64fb0a1aba54474b75f3a054ae816168a32c800fc2,ef3e3b39a1fcd8cd7feffe210ce5ba807484a118dc55be7bf342c594ee0ec986,,,,,,,,
8,refresh,complete,,,,2,1,refresh_0001_epoch002,2048,2048,,9fc020188263873c3d20dc64fb0a1aba54474b75f3a054ae816168a32c800fc2,9fc020188263873c3d20dc64fb0a1aba54474b75f3a054ae816168a32c800fc2,ef3e3b39a1fcd8cd7feffe210ce5ba807484a118dc55be7bf342c594ee0ec986,,,,${SEIS_SSL_CLUSTER_ARTIFACT_ROOT}/pretraining/f3/facies_benchmark_v1/strat_hmm_pretext_mh_k6810_ctmask010_refresh3ep_hmm2_nocons_topblock1_distill_v1/target_refresh/generations/refresh_0001_epoch002/pseudo_targets/multi_head_target_manifest.json,ea1432966aee8343c3984b4088c10352bf2eb6723dc4fe41599475e2fb47997d,${SEIS_SSL_CLUSTER_ARTIFACT_ROOT}/pretraining/f3/facies_benchmark_v1/strat_hmm_pretext_mh_k6810_ctmask010_refresh3ep_hmm2_nocons_topblock1_distill_v1/target_refresh/generations/refresh_0001_epoch002/refresh_generation.json,8e382cfb4608a25536b0f87b8b997c27d642e9cac5110e1bd837d585cd2f83f6,
9,checkpoint,complete,,refresh,2,,,,2048,2048,refresh_complete,9fc020188263873c3d20dc64fb0a1aba54474b75f3a054ae816168a32c800fc2,9fc020188263873c3d20dc64fb0a1aba54474b75f3a054ae816168a32c800fc2,ef3e3b39a1fcd8cd7feffe210ce5ba807484a118dc55be7bf342c594ee0ec986,,8e382cfb4608a25536b0f87b8b997c27d642e9cac5110e1bd837d585cd2f83f6,7f0ca14fc887074968eea7cb440adb7f8504e426791a5ccd074bb738ba8e3dd2,,ea1432966aee8343c3984b4088c10352bf2eb6723dc4fe41599475e2fb47997d,,,
10,checkpoint,complete,,step,3,,,,2499,2500,,9fc020188263873c3d20dc64fb0a1aba54474b75f3a054ae816168a32c800fc2,ccd9ab43b565468e524fa112ad1d5da8d599eb937e4c5e14059f82424554a8f2,87b0ba15f080e3da5cb72a40a2399cf2198a50b8236ca62e46e7a6a9e2e41d58,,8e382cfb4608a25536b0f87b8b997c27d642e9cac5110e1bd837d585cd2f83f6,7f0ca14fc887074968eea7cb440adb7f8504e426791a5ccd074bb738ba8e3dd2,,ea1432966aee8343c3984b4088c10352bf2eb6723dc4fe41599475e2fb47997d,,,
11,checkpoint,complete,,step,3,,,,2999,3000,,9fc020188263873c3d20dc64fb0a1aba54474b75f3a054ae816168a32c800fc2,1d51a0bef29261ba40fb259a79f243fef3c8f79de16fb4b1238b1e8485ce8db1,238e3912f38700cddd9bd9822e37744881bb20e05395cc2aad8060168264e28b,,8e382cfb4608a25536b0f87b8b997c27d642e9cac5110e1bd837d585cd2f83f6,7f0ca14fc887074968eea7cb440adb7f8504e426791a5ccd074bb738ba8e3dd2,,ea1432966aee8343c3984b4088c10352bf2eb6723dc4fe41599475e2fb47997d,,,
12,checkpoint,complete,,epoch,3,,,,3072,3072,training,9fc020188263873c3d20dc64fb0a1aba54474b75f3a054ae816168a32c800fc2,b527d85639c9ee86f9648aaf70148187c057c1004ad9843adf80cc31b1b4d05a,3efa9a23d8fde49ba5bdbe2a161ec0a481663f0adce226843b5ab1842bd074ee,,8e382cfb4608a25536b0f87b8b997c27d642e9cac5110e1bd837d585cd2f83f6,7f0ca14fc887074968eea7cb440adb7f8504e426791a5ccd074bb738ba8e3dd2,,ea1432966aee8343c3984b4088c10352bf2eb6723dc4fe41599475e2fb47997d,,,
13,checkpoint,complete,,step,4,,,,3499,3500,,9fc020188263873c3d20dc64fb0a1aba54474b75f3a054ae816168a32c800fc2,b3ffafccd90d1a0ed1fbdeeb259eb530d3d82c0465796ed53adfa7273889ab57,43352ee5a9ab35bd15d8cdc7338c5b00541a55c5f859983ff24f95a3cf8df23a,,8e382cfb4608a25536b0f87b8b997c27d642e9cac5110e1bd837d585cd2f83f6,7f0ca14fc887074968eea7cb440adb7f8504e426791a5ccd074bb738ba8e3dd2,,ea1432966aee8343c3984b4088c10352bf2eb6723dc4fe41599475e2fb47997d,,,
14,checkpoint,complete,,step,4,,,,3999,4000,,9fc020188263873c3d20dc64fb0a1aba54474b75f3a054ae816168a32c800fc2,a655b83fd747c6231a3d146dedde9b923ef2ebd28203ba2a4ccb509e90b12264,ade487be732deb25393f809e5a312b3dc192c47f974d3ba68654b10d1fd8287e,,8e382cfb4608a25536b0f87b8b997c27d642e9cac5110e1bd837d585cd2f83f6,7f0ca14fc887074968eea7cb440adb7f8504e426791a5ccd074bb738ba8e3dd2,,ea1432966aee8343c3984b4088c10352bf2eb6723dc4fe41599475e2fb47997d,,,
15,checkpoint,complete,,epoch,4,,,,4096,4096,training,9fc020188263873c3d20dc64fb0a1aba54474b75f3a054ae816168a32c800fc2,b10be51673ea03e2735c173d5c99e4c6480320e35a07b5670e22c79f6fbd1a4c,d1695ed5b035acfe174111312af5092ebfa3349799670a32b4f1ad6d553049fd,,8e382cfb4608a25536b0f87b8b997c27d642e9cac5110e1bd837d585cd2f83f6,7f0ca14fc887074968eea7cb440adb7f8504e426791a5ccd074bb738ba8e3dd2,,ea1432966aee8343c3984b4088c10352bf2eb6723dc4fe41599475e2fb47997d,,,
16,checkpoint,complete,,step,5,,,,4499,4500,,9fc020188263873c3d20dc64fb0a1aba54474b75f3a054ae816168a32c800fc2,86717a8daa024f70a3873c7018e45c7225d3b21de82c32bb4a6e746515fa41e2,f8d5bb3ad8431ded98bcaee2fe1f1c29b97a1d25579720cd82805324e22b3230,,8e382cfb4608a25536b0f87b8b997c27d642e9cac5110e1bd837d585cd2f83f6,7f0ca14fc887074968eea7cb440adb7f8504e426791a5ccd074bb738ba8e3dd2,,ea1432966aee8343c3984b4088c10352bf2eb6723dc4fe41599475e2fb47997d,,,
17,checkpoint,complete,,step,5,,,,4999,5000,,9fc020188263873c3d20dc64fb0a1aba54474b75f3a054ae816168a32c800fc2,4c47771442315747861f722b34f6ba97c5a2df84113eaf70333d4a605dfc7e9d,6902bb918231eb3177d33adaba6d1090dfd73a1035b1b088121528ca73f252af,,8e382cfb4608a25536b0f87b8b997c27d642e9cac5110e1bd837d585cd2f83f6,7f0ca14fc887074968eea7cb440adb7f8504e426791a5ccd074bb738ba8e3dd2,,ea1432966aee8343c3984b4088c10352bf2eb6723dc4fe41599475e2fb47997d,,,
18,checkpoint,complete,,epoch,5,,,,5120,5120,refresh_required,9fc020188263873c3d20dc64fb0a1aba54474b75f3a054ae816168a32c800fc2,bd3b1ff3133f2da4669ff9195cd0710c57df1db5c4bd2c8e6f45f629faa5eb99,e85bf41e865f7bf4661c7ec69aa60b70642b507849dd24c89bcade551ad1b1df,,8e382cfb4608a25536b0f87b8b997c27d642e9cac5110e1bd837d585cd2f83f6,7f0ca14fc887074968eea7cb440adb7f8504e426791a5ccd074bb738ba8e3dd2,,ea1432966aee8343c3984b4088c10352bf2eb6723dc4fe41599475e2fb47997d,,,
19,refresh,start,,,,5,2,refresh_0002_epoch005,5120,,,bd3b1ff3133f2da4669ff9195cd0710c57df1db5c4bd2c8e6f45f629faa5eb99,bd3b1ff3133f2da4669ff9195cd0710c57df1db5c4bd2c8e6f45f629faa5eb99,e85bf41e865f7bf4661c7ec69aa60b70642b507849dd24c89bcade551ad1b1df,,,,,,,,
20,refresh,complete,,,,5,2,refresh_0002_epoch005,5120,5120,,bd3b1ff3133f2da4669ff9195cd0710c57df1db5c4bd2c8e6f45f629faa5eb99,bd3b1ff3133f2da4669ff9195cd0710c57df1db5c4bd2c8e6f45f629faa5eb99,e85bf41e865f7bf4661c7ec69aa60b70642b507849dd24c89bcade551ad1b1df,,,,${SEIS_SSL_CLUSTER_ARTIFACT_ROOT}/pretraining/f3/facies_benchmark_v1/strat_hmm_pretext_mh_k6810_ctmask010_refresh3ep_hmm2_nocons_topblock1_distill_v1/target_refresh/generations/refresh_0002_epoch005/pseudo_targets/multi_head_target_manifest.json,aa386689f57c814b1edd93744c51f24745579a79a7e35ff5017b31e9a46f9eaf,${SEIS_SSL_CLUSTER_ARTIFACT_ROOT}/pretraining/f3/facies_benchmark_v1/strat_hmm_pretext_mh_k6810_ctmask010_refresh3ep_hmm2_nocons_topblock1_distill_v1/target_refresh/generations/refresh_0002_epoch005/refresh_generation.json,dffd26bd86d82c26510fdafc82b78ece9ae6a719cb2981ab6b73855908b19863,
21,checkpoint,complete,,refresh,5,,,,5120,5120,refresh_complete,bd3b1ff3133f2da4669ff9195cd0710c57df1db5c4bd2c8e6f45f629faa5eb99,bd3b1ff3133f2da4669ff9195cd0710c57df1db5c4bd2c8e6f45f629faa5eb99,e85bf41e865f7bf4661c7ec69aa60b70642b507849dd24c89bcade551ad1b1df,,dffd26bd86d82c26510fdafc82b78ece9ae6a719cb2981ab6b73855908b19863,62d10d24938288e11eaaceec4373fc9d62c1afaa802bc16a8dab1d9b616574ad,,aa386689f57c814b1edd93744c51f24745579a79a7e35ff5017b31e9a46f9eaf,,,
22,checkpoint,complete,,step,6,,,,5499,5500,,bd3b1ff3133f2da4669ff9195cd0710c57df1db5c4bd2c8e6f45f629faa5eb99,1f703ca01db9e6617653a3cb7f3843a804bd65c6ac1aabd0cf5fe484cfad69c3,8a274861326326eb1664725f83631cc4706479d0233becc13abae59d9ed87f6a,,dffd26bd86d82c26510fdafc82b78ece9ae6a719cb2981ab6b73855908b19863,62d10d24938288e11eaaceec4373fc9d62c1afaa802bc16a8dab1d9b616574ad,,aa386689f57c814b1edd93744c51f24745579a79a7e35ff5017b31e9a46f9eaf,,,
23,checkpoint,complete,,step,6,,,,5999,6000,,bd3b1ff3133f2da4669ff9195cd0710c57df1db5c4bd2c8e6f45f629faa5eb99,63751932e3693dc0e4720d3cd6b4c16c0dc92ddcf18bc1acaaf768f56add392d,938cf65ea43659f7ba3c2c9efe88ed46592515c36790d32acaa2cdf6126f84b8,,dffd26bd86d82c26510fdafc82b78ece9ae6a719cb2981ab6b73855908b19863,62d10d24938288e11eaaceec4373fc9d62c1afaa802bc16a8dab1d9b616574ad,,aa386689f57c814b1edd93744c51f24745579a79a7e35ff5017b31e9a46f9eaf,,,
24,checkpoint,complete,,epoch,6,,,,6144,6144,training,bd3b1ff3133f2da4669ff9195cd0710c57df1db5c4bd2c8e6f45f629faa5eb99,f4910f5a5dbcb2e64ac14f373d94299a77ce70d052bf0c24a7696844bbb584e1,4c5eafc43d6772a78a0d74ef4b700e830a0878eab945d8df1d0d5f7b91eb105a,,dffd26bd86d82c26510fdafc82b78ece9ae6a719cb2981ab6b73855908b19863,62d10d24938288e11eaaceec4373fc9d62c1afaa802bc16a8dab1d9b616574ad,,aa386689f57c814b1edd93744c51f24745579a79a7e35ff5017b31e9a46f9eaf,,,
25,checkpoint,complete,,step,7,,,,6499,6500,,bd3b1ff3133f2da4669ff9195cd0710c57df1db5c4bd2c8e6f45f629faa5eb99,e0f2bd979fa25071f8f8216fb13c52965b756d974e0866c0dc40420fbb6694ce,7fa37ba58b0dbcc7ac227e5f9a8f526b6b1e98cb6cd335be1d30b3bafea3abe0,,dffd26bd86d82c26510fdafc82b78ece9ae6a719cb2981ab6b73855908b19863,62d10d24938288e11eaaceec4373fc9d62c1afaa802bc16a8dab1d9b616574ad,,aa386689f57c814b1edd93744c51f24745579a79a7e35ff5017b31e9a46f9eaf,,,
26,checkpoint,complete,,step,7,,,,6999,7000,,bd3b1ff3133f2da4669ff9195cd0710c57df1db5c4bd2c8e6f45f629faa5eb99,8159e3697cda1a976386915af9a5ab9e6fdee738d6a21dca7938d43f4f59581f,ad9b6524f35eac429dd56d1111aecf9b65e2cd97ca505cb24fada4c4cdda5692,,dffd26bd86d82c26510fdafc82b78ece9ae6a719cb2981ab6b73855908b19863,62d10d24938288e11eaaceec4373fc9d62c1afaa802bc16a8dab1d9b616574ad,,aa386689f57c814b1edd93744c51f24745579a79a7e35ff5017b31e9a46f9eaf,,,
27,checkpoint,complete,,epoch,7,,,,7168,7168,training,bd3b1ff3133f2da4669ff9195cd0710c57df1db5c4bd2c8e6f45f629faa5eb99,ff14cd79ffaedfca4994ab3fc391b14333e046962bbacbb8a5758b4f9eb6186e,ce929135fbcaa1e3da18242af2a0d65527b95df59a4fbbf3ac9fea88fbfee3f7,,dffd26bd86d82c26510fdafc82b78ece9ae6a719cb2981ab6b73855908b19863,62d10d24938288e11eaaceec4373fc9d62c1afaa802bc16a8dab1d9b616574ad,,aa386689f57c814b1edd93744c51f24745579a79a7e35ff5017b31e9a46f9eaf,,,
28,checkpoint,complete,,step,8,,,,7499,7500,,bd3b1ff3133f2da4669ff9195cd0710c57df1db5c4bd2c8e6f45f629faa5eb99,d33d1563171fe67ec9ce2f1f4cb76dfca018e456c30a376cc57d20ff1f0b6f78,2cf1d53b7260b5a20510c99d70ca6594faf4705ab4365e44158d3e9eaeb3984a,,dffd26bd86d82c26510fdafc82b78ece9ae6a719cb2981ab6b73855908b19863,62d10d24938288e11eaaceec4373fc9d62c1afaa802bc16a8dab1d9b616574ad,,aa386689f57c814b1edd93744c51f24745579a79a7e35ff5017b31e9a46f9eaf,,,
29,checkpoint,complete,,step,8,,,,7999,8000,,bd3b1ff3133f2da4669ff9195cd0710c57df1db5c4bd2c8e6f45f629faa5eb99,39b36633dd7c3c4aea8c834f433dd29bdc4a65bbbc5d460e71fc43dca9e2ecfe,d3c069134717be4f6ea8d5c11cae94066027f07844e914c9aadb7dcda46cbc24,,dffd26bd86d82c26510fdafc82b78ece9ae6a719cb2981ab6b73855908b19863,62d10d24938288e11eaaceec4373fc9d62c1afaa802bc16a8dab1d9b616574ad,,aa386689f57c814b1edd93744c51f24745579a79a7e35ff5017b31e9a46f9eaf,,,
30,checkpoint,complete,,epoch,8,,,,8192,8192,refresh_required,bd3b1ff3133f2da4669ff9195cd0710c57df1db5c4bd2c8e6f45f629faa5eb99,490573dbdde09fd9f4c5878465ecb035248d6ff0345673b240df8ecdf705ffa7,8396027e45096d05fe58d50c89eb09ff9b88cb437dc30014fce3788e030025e8,,dffd26bd86d82c26510fdafc82b78ece9ae6a719cb2981ab6b73855908b19863,62d10d24938288e11eaaceec4373fc9d62c1afaa802bc16a8dab1d9b616574ad,,aa386689f57c814b1edd93744c51f24745579a79a7e35ff5017b31e9a46f9eaf,,,
31,refresh,start,,,,8,3,refresh_0003_epoch008,8192,,,490573dbdde09fd9f4c5878465ecb035248d6ff0345673b240df8ecdf705ffa7,490573dbdde09fd9f4c5878465ecb035248d6ff0345673b240df8ecdf705ffa7,8396027e45096d05fe58d50c89eb09ff9b88cb437dc30014fce3788e030025e8,,,,,,,,
32,refresh,complete,,,,8,3,refresh_0003_epoch008,8192,8192,,490573dbdde09fd9f4c5878465ecb035248d6ff0345673b240df8ecdf705ffa7,490573dbdde09fd9f4c5878465ecb035248d6ff0345673b240df8ecdf705ffa7,8396027e45096d05fe58d50c89eb09ff9b88cb437dc30014fce3788e030025e8,,,,${SEIS_SSL_CLUSTER_ARTIFACT_ROOT}/pretraining/f3/facies_benchmark_v1/strat_hmm_pretext_mh_k6810_ctmask010_refresh3ep_hmm2_nocons_topblock1_distill_v1/target_refresh/generations/refresh_0003_epoch008/pseudo_targets/multi_head_target_manifest.json,e5c5736c1619c4e95741bad42561b31c0afa0b7c8040267e07eb44090edbb236,${SEIS_SSL_CLUSTER_ARTIFACT_ROOT}/pretraining/f3/facies_benchmark_v1/strat_hmm_pretext_mh_k6810_ctmask010_refresh3ep_hmm2_nocons_topblock1_distill_v1/target_refresh/generations/refresh_0003_epoch008/refresh_generation.json,9463ebb114b8f74a5a183d4d3230119250602e84eb40cb298f904788ec499059,
33,checkpoint,complete,,refresh,8,,,,8192,8192,refresh_complete,490573dbdde09fd9f4c5878465ecb035248d6ff0345673b240df8ecdf705ffa7,490573dbdde09fd9f4c5878465ecb035248d6ff0345673b240df8ecdf705ffa7,8396027e45096d05fe58d50c89eb09ff9b88cb437dc30014fce3788e030025e8,,9463ebb114b8f74a5a183d4d3230119250602e84eb40cb298f904788ec499059,c0366582a003db04bfe50c2a511de4d60ba4c58a91dc797419a420e0bd434e2c,,e5c5736c1619c4e95741bad42561b31c0afa0b7c8040267e07eb44090edbb236,,,
34,checkpoint,complete,,step,9,,,,8499,8500,,490573dbdde09fd9f4c5878465ecb035248d6ff0345673b240df8ecdf705ffa7,a0f2c58205ebbd9f3ad34f8e6eb11530c1938543b4649b5b8f484f8c5054f88d,e12cb1262649c4b31ee8413442ac6f394db7f1eb9e84fbd81282f8c15b1dfd3d,,9463ebb114b8f74a5a183d4d3230119250602e84eb40cb298f904788ec499059,c0366582a003db04bfe50c2a511de4d60ba4c58a91dc797419a420e0bd434e2c,,e5c5736c1619c4e95741bad42561b31c0afa0b7c8040267e07eb44090edbb236,,,
35,checkpoint,complete,,step,9,,,,8999,9000,,490573dbdde09fd9f4c5878465ecb035248d6ff0345673b240df8ecdf705ffa7,2c4ea54847d1b4034b4f30327bb9226adccdd5a7ebd11397fc2c92ea7b0fa53b,4a2abfb384d66d275f9833dfc9667e6ae02e6ce0b42bd4666b7e44eee06dfef1,,9463ebb114b8f74a5a183d4d3230119250602e84eb40cb298f904788ec499059,c0366582a003db04bfe50c2a511de4d60ba4c58a91dc797419a420e0bd434e2c,,e5c5736c1619c4e95741bad42561b31c0afa0b7c8040267e07eb44090edbb236,,,
36,checkpoint,complete,,epoch,9,,,,9216,9216,training,490573dbdde09fd9f4c5878465ecb035248d6ff0345673b240df8ecdf705ffa7,e55365f429b7fdf7f900d943e2ec63fdf3c70ecc30bc13f7dac98de27bf6e7c3,542f5fdc7b3076e7c0b404fe459957d26c67695aec96ffebaa4015699672111d,,9463ebb114b8f74a5a183d4d3230119250602e84eb40cb298f904788ec499059,c0366582a003db04bfe50c2a511de4d60ba4c58a91dc797419a420e0bd434e2c,,e5c5736c1619c4e95741bad42561b31c0afa0b7c8040267e07eb44090edbb236,,,
37,checkpoint,complete,,step,10,,,,9499,9500,,490573dbdde09fd9f4c5878465ecb035248d6ff0345673b240df8ecdf705ffa7,1aedd784647b477b0a9bd585d6faf746aadf24fc3d3d83241c5389d9f186679c,f81ac3fba290fe6206184f237d17b23e61bcec47aafc9f33891da53aad27e276,,9463ebb114b8f74a5a183d4d3230119250602e84eb40cb298f904788ec499059,c0366582a003db04bfe50c2a511de4d60ba4c58a91dc797419a420e0bd434e2c,,e5c5736c1619c4e95741bad42561b31c0afa0b7c8040267e07eb44090edbb236,,,
38,checkpoint,complete,,step,10,,,,9999,10000,,490573dbdde09fd9f4c5878465ecb035248d6ff0345673b240df8ecdf705ffa7,0c3711830c090cc95a7eaddc706ad7db20ea7b95c86f2a90b4a0e5e8e0fa0310,27979e81ff27c8cc7bb7a5c781fd677535f709ce7a276ffcd6070d9f11e0105b,,9463ebb114b8f74a5a183d4d3230119250602e84eb40cb298f904788ec499059,c0366582a003db04bfe50c2a511de4d60ba4c58a91dc797419a420e0bd434e2c,,e5c5736c1619c4e95741bad42561b31c0afa0b7c8040267e07eb44090edbb236,,,
39,checkpoint,complete,,epoch,10,,,,10240,10240,training,490573dbdde09fd9f4c5878465ecb035248d6ff0345673b240df8ecdf705ffa7,a22e6699b2c42e4aaeea01d55c61607ee656c8f9ed307668aa20715b8bdcec76,40983d000b32f3d6e072383fbc774699f4965b355a9bc20d1e1d9b486117c797,,9463ebb114b8f74a5a183d4d3230119250602e84eb40cb298f904788ec499059,c0366582a003db04bfe50c2a511de4d60ba4c58a91dc797419a420e0bd434e2c,,e5c5736c1619c4e95741bad42561b31c0afa0b7c8040267e07eb44090edbb236,,,
40,checkpoint,complete,,step,11,,,,10499,10500,,490573dbdde09fd9f4c5878465ecb035248d6ff0345673b240df8ecdf705ffa7,d4373c702ea2a9e85092b5f8066bf9f98b27df28b197721c18fd9204614ca09e,d6b2eacfd2c7d7a0b64d8fec10d6c124d15e114262632b82677ebe2e99efa788,,9463ebb114b8f74a5a183d4d3230119250602e84eb40cb298f904788ec499059,c0366582a003db04bfe50c2a511de4d60ba4c58a91dc797419a420e0bd434e2c,,e5c5736c1619c4e95741bad42561b31c0afa0b7c8040267e07eb44090edbb236,,,
41,checkpoint,complete,,step,11,,,,10999,11000,,490573dbdde09fd9f4c5878465ecb035248d6ff0345673b240df8ecdf705ffa7,a713a21ae3303dde0d8355fc0ba4e3a74e13a2bf12fed1b1d68182057d4ddd93,da9d291a8906d7dffbad3149b6ebaa03307bdf3ce60c20563885d808189b5a06,,9463ebb114b8f74a5a183d4d3230119250602e84eb40cb298f904788ec499059,c0366582a003db04bfe50c2a511de4d60ba4c58a91dc797419a420e0bd434e2c,,e5c5736c1619c4e95741bad42561b31c0afa0b7c8040267e07eb44090edbb236,,,
42,checkpoint,complete,,epoch,11,,,,11264,11264,refresh_required,490573dbdde09fd9f4c5878465ecb035248d6ff0345673b240df8ecdf705ffa7,ac357ff13516f3707d54040a8e69d83548b683c96ab4f3a703d4d58bfbdc8ebd,bb3793b47a1cb9bb22af7ed6db70bc86db6259b2574990d3077ad44b42d64293,,9463ebb114b8f74a5a183d4d3230119250602e84eb40cb298f904788ec499059,c0366582a003db04bfe50c2a511de4d60ba4c58a91dc797419a420e0bd434e2c,,e5c5736c1619c4e95741bad42561b31c0afa0b7c8040267e07eb44090edbb236,,,
43,refresh,start,,,,11,4,refresh_0004_epoch011,11264,,,ac357ff13516f3707d54040a8e69d83548b683c96ab4f3a703d4d58bfbdc8ebd,ac357ff13516f3707d54040a8e69d83548b683c96ab4f3a703d4d58bfbdc8ebd,bb3793b47a1cb9bb22af7ed6db70bc86db6259b2574990d3077ad44b42d64293,,,,,,,,
44,refresh,complete,,,,11,4,refresh_0004_epoch011,11264,11264,,ac357ff13516f3707d54040a8e69d83548b683c96ab4f3a703d4d58bfbdc8ebd,ac357ff13516f3707d54040a8e69d83548b683c96ab4f3a703d4d58bfbdc8ebd,bb3793b47a1cb9bb22af7ed6db70bc86db6259b2574990d3077ad44b42d64293,,,,${SEIS_SSL_CLUSTER_ARTIFACT_ROOT}/pretraining/f3/facies_benchmark_v1/strat_hmm_pretext_mh_k6810_ctmask010_refresh3ep_hmm2_nocons_topblock1_distill_v1/target_refresh/generations/refresh_0004_epoch011/pseudo_targets/multi_head_target_manifest.json,03e0a9902dff4eda0f42d13c096914d18191c64b9fd6bde54ac9e513ed4a775e,${SEIS_SSL_CLUSTER_ARTIFACT_ROOT}/pretraining/f3/facies_benchmark_v1/strat_hmm_pretext_mh_k6810_ctmask010_refresh3ep_hmm2_nocons_topblock1_distill_v1/target_refresh/generations/refresh_0004_epoch011/refresh_generation.json,6fbcbe34ef09a7ba9486c949948c04b0e8ecfbbb980e2a2e960b7cd122d21fff,
45,checkpoint,complete,,refresh,11,,,,11264,11264,refresh_complete,ac357ff13516f3707d54040a8e69d83548b683c96ab4f3a703d4d58bfbdc8ebd,ac357ff13516f3707d54040a8e69d83548b683c96ab4f3a703d4d58bfbdc8ebd,bb3793b47a1cb9bb22af7ed6db70bc86db6259b2574990d3077ad44b42d64293,,6fbcbe34ef09a7ba9486c949948c04b0e8ecfbbb980e2a2e960b7cd122d21fff,bb057fe4de9fc16c8ccb0cbbc0e2aea3833743c7490647233579d36d8d1b3799,,03e0a9902dff4eda0f42d13c096914d18191c64b9fd6bde54ac9e513ed4a775e,,,
46,checkpoint,complete,,step,12,,,,11499,11500,,ac357ff13516f3707d54040a8e69d83548b683c96ab4f3a703d4d58bfbdc8ebd,c9b3353b02a78b520ec9aaafed3b9df322c47e4417ee2036c0cbe0a172b4480a,bdb215769a4cfd0140ec192342ba5fb4b24d64c36577f70853f38c7594e45b81,,6fbcbe34ef09a7ba9486c949948c04b0e8ecfbbb980e2a2e960b7cd122d21fff,bb057fe4de9fc16c8ccb0cbbc0e2aea3833743c7490647233579d36d8d1b3799,,03e0a9902dff4eda0f42d13c096914d18191c64b9fd6bde54ac9e513ed4a775e,,,
47,checkpoint,complete,,step,12,,,,11999,12000,,ac357ff13516f3707d54040a8e69d83548b683c96ab4f3a703d4d58bfbdc8ebd,871dfdafc7fc2e4a12522a4db965409e81a7a581390a8934aad2894992d5548d,18c013c31d1171c04d64c5d729c95a7574d715095ba0715ba6b620bbe752a99a,,6fbcbe34ef09a7ba9486c949948c04b0e8ecfbbb980e2a2e960b7cd122d21fff,bb057fe4de9fc16c8ccb0cbbc0e2aea3833743c7490647233579d36d8d1b3799,,03e0a9902dff4eda0f42d13c096914d18191c64b9fd6bde54ac9e513ed4a775e,,,
48,checkpoint,complete,,epoch,12,,,,12288,12288,training,ac357ff13516f3707d54040a8e69d83548b683c96ab4f3a703d4d58bfbdc8ebd,99c7209c703c14f892751c9a3d099189c4d2c972fc9422fb6ebb24523e146e18,d74a0fd8bc150517c69494657c846a99e77d2b27cfaa8a6429d083519a2d6007,,6fbcbe34ef09a7ba9486c949948c04b0e8ecfbbb980e2a2e960b7cd122d21fff,bb057fe4de9fc16c8ccb0cbbc0e2aea3833743c7490647233579d36d8d1b3799,,03e0a9902dff4eda0f42d13c096914d18191c64b9fd6bde54ac9e513ed4a775e,,,
49,checkpoint,complete,,step,13,,,,12499,12500,,ac357ff13516f3707d54040a8e69d83548b683c96ab4f3a703d4d58bfbdc8ebd,9a59a25f899ec9e8b8a7954695de8cafa3a05c430e72e9bd4897fc8b9a7b968d,5c2f8faa76abe09f7b37ff3f00e0c8d26c701d644e329e981521e44e93a81d3b,,6fbcbe34ef09a7ba9486c949948c04b0e8ecfbbb980e2a2e960b7cd122d21fff,bb057fe4de9fc16c8ccb0cbbc0e2aea3833743c7490647233579d36d8d1b3799,,03e0a9902dff4eda0f42d13c096914d18191c64b9fd6bde54ac9e513ed4a775e,,,
50,checkpoint,complete,,step,13,,,,12999,13000,,ac357ff13516f3707d54040a8e69d83548b683c96ab4f3a703d4d58bfbdc8ebd,b6af0c03aaf5fbda2c9ba50c0484faa48e1e1ad20f67afab2f5dbf7b68e75090,621927f27678f1e029691c0feca01da6983e0d28fdc2e80cac47b55e6f43704e,,6fbcbe34ef09a7ba9486c949948c04b0e8ecfbbb980e2a2e960b7cd122d21fff,bb057fe4de9fc16c8ccb0cbbc0e2aea3833743c7490647233579d36d8d1b3799,,03e0a9902dff4eda0f42d13c096914d18191c64b9fd6bde54ac9e513ed4a775e,,,
51,checkpoint,complete,,epoch,13,,,,13312,13312,training,ac357ff13516f3707d54040a8e69d83548b683c96ab4f3a703d4d58bfbdc8ebd,e6f2d23c081b94a65fe39b8875a6e0f2c17862145d39279623a55881f70d28c4,77a62c11ecd8aae7af42813345bde66a576fe4bb28b8ee93cfc541d4e9e26c99,,6fbcbe34ef09a7ba9486c949948c04b0e8ecfbbb980e2a2e960b7cd122d21fff,bb057fe4de9fc16c8ccb0cbbc0e2aea3833743c7490647233579d36d8d1b3799,,03e0a9902dff4eda0f42d13c096914d18191c64b9fd6bde54ac9e513ed4a775e,,,
52,checkpoint,complete,,step,14,,,,13499,13500,,ac357ff13516f3707d54040a8e69d83548b683c96ab4f3a703d4d58bfbdc8ebd,73b8c550a27a40de74c471507650c3952424827fe0fc88bd68d94438aa179752,c3aa7c22fe0b2fd36df85cbbd4c940be507bf66e35707c61ac7314ff257126a5,,6fbcbe34ef09a7ba9486c949948c04b0e8ecfbbb980e2a2e960b7cd122d21fff,bb057fe4de9fc16c8ccb0cbbc0e2aea3833743c7490647233579d36d8d1b3799,,03e0a9902dff4eda0f42d13c096914d18191c64b9fd6bde54ac9e513ed4a775e,,,
53,checkpoint,complete,,step,14,,,,13999,14000,,ac357ff13516f3707d54040a8e69d83548b683c96ab4f3a703d4d58bfbdc8ebd,33c68bb5924826282dbf2c4d876006fe39c708c0e6d36293ff9b35cb97e9ecea,c034416ad3b2ad11b3989652ad3bb252a11b06aaaf3e55841343015b67c51e13,,6fbcbe34ef09a7ba9486c949948c04b0e8ecfbbb980e2a2e960b7cd122d21fff,bb057fe4de9fc16c8ccb0cbbc0e2aea3833743c7490647233579d36d8d1b3799,,03e0a9902dff4eda0f42d13c096914d18191c64b9fd6bde54ac9e513ed4a775e,,,
54,checkpoint,complete,,epoch,14,,,,14336,14336,refresh_required,ac357ff13516f3707d54040a8e69d83548b683c96ab4f3a703d4d58bfbdc8ebd,3bb9f69f321a5691ebce929d2732bb02451ab24c1e16254a1382099a8448f5dd,19b8e57711dab7bdcb9b614b5dc32506954619ac7d6e2f6c5f518a61e7bd3e1d,,6fbcbe34ef09a7ba9486c949948c04b0e8ecfbbb980e2a2e960b7cd122d21fff,bb057fe4de9fc16c8ccb0cbbc0e2aea3833743c7490647233579d36d8d1b3799,,03e0a9902dff4eda0f42d13c096914d18191c64b9fd6bde54ac9e513ed4a775e,,,
55,refresh,start,,,,14,5,refresh_0005_epoch014,14336,,,3bb9f69f321a5691ebce929d2732bb02451ab24c1e16254a1382099a8448f5dd,3bb9f69f321a5691ebce929d2732bb02451ab24c1e16254a1382099a8448f5dd,19b8e57711dab7bdcb9b614b5dc32506954619ac7d6e2f6c5f518a61e7bd3e1d,,,,,,,,
56,refresh,complete,,,,14,5,refresh_0005_epoch014,14336,14336,,3bb9f69f321a5691ebce929d2732bb02451ab24c1e16254a1382099a8448f5dd,3bb9f69f321a5691ebce929d2732bb02451ab24c1e16254a1382099a8448f5dd,19b8e57711dab7bdcb9b614b5dc32506954619ac7d6e2f6c5f518a61e7bd3e1d,,,,${SEIS_SSL_CLUSTER_ARTIFACT_ROOT}/pretraining/f3/facies_benchmark_v1/strat_hmm_pretext_mh_k6810_ctmask010_refresh3ep_hmm2_nocons_topblock1_distill_v1/target_refresh/generations/refresh_0005_epoch014/pseudo_targets/multi_head_target_manifest.json,fb32c703f6a5686d2ea5f4257b30820493dc49e01143939752afc687261d915a,${SEIS_SSL_CLUSTER_ARTIFACT_ROOT}/pretraining/f3/facies_benchmark_v1/strat_hmm_pretext_mh_k6810_ctmask010_refresh3ep_hmm2_nocons_topblock1_distill_v1/target_refresh/generations/refresh_0005_epoch014/refresh_generation.json,63868a1eef7c42c8a8a027252c3b8ca850e8a8ebf20469af49b0ce6724d9ce39,
57,checkpoint,complete,,refresh,14,,,,14336,14336,refresh_complete,3bb9f69f321a5691ebce929d2732bb02451ab24c1e16254a1382099a8448f5dd,3bb9f69f321a5691ebce929d2732bb02451ab24c1e16254a1382099a8448f5dd,19b8e57711dab7bdcb9b614b5dc32506954619ac7d6e2f6c5f518a61e7bd3e1d,,63868a1eef7c42c8a8a027252c3b8ca850e8a8ebf20469af49b0ce6724d9ce39,8139135b09e6bc262afaf1f9d2fc3995713af4387f6b526e510b7343c4bc9ae5,,fb32c703f6a5686d2ea5f4257b30820493dc49e01143939752afc687261d915a,,,
58,checkpoint,complete,,step,15,,,,14499,14500,,3bb9f69f321a5691ebce929d2732bb02451ab24c1e16254a1382099a8448f5dd,34de9a54bf161fa242789e8625dbff2d55c55b615e131729ceec49dd0aa4f8f6,bddc884ff11ba2765b72cca088ec08f820587e7e6d1c597441fd6579a4c33083,,63868a1eef7c42c8a8a027252c3b8ca850e8a8ebf20469af49b0ce6724d9ce39,8139135b09e6bc262afaf1f9d2fc3995713af4387f6b526e510b7343c4bc9ae5,,fb32c703f6a5686d2ea5f4257b30820493dc49e01143939752afc687261d915a,,,
59,checkpoint,complete,,step,15,,,,14999,15000,,3bb9f69f321a5691ebce929d2732bb02451ab24c1e16254a1382099a8448f5dd,11dad92350e3ee275416a5a158ab7e51f6b7bfe188a338075129ee8d6dd8bbbe,866c2b5410ca00b2503b962e5af7c3b417a3acfc8669bdbb070fc24c57482376,,63868a1eef7c42c8a8a027252c3b8ca850e8a8ebf20469af49b0ce6724d9ce39,8139135b09e6bc262afaf1f9d2fc3995713af4387f6b526e510b7343c4bc9ae5,,fb32c703f6a5686d2ea5f4257b30820493dc49e01143939752afc687261d915a,,,
60,checkpoint,complete,,epoch,15,,,,15360,15360,training,3bb9f69f321a5691ebce929d2732bb02451ab24c1e16254a1382099a8448f5dd,e03d3e9caa4b8ee1d087d61f78f2e148a799f43730acccce6a6026049a527e17,467d88c509fa16673341df85290ab87bd63c3a87b528f607e04cdffbbac967b2,,63868a1eef7c42c8a8a027252c3b8ca850e8a8ebf20469af49b0ce6724d9ce39,8139135b09e6bc262afaf1f9d2fc3995713af4387f6b526e510b7343c4bc9ae5,,fb32c703f6a5686d2ea5f4257b30820493dc49e01143939752afc687261d915a,,,
61,checkpoint,complete,,step,16,,,,15499,15500,,3bb9f69f321a5691ebce929d2732bb02451ab24c1e16254a1382099a8448f5dd,073baa90500b549f102c6a79f588774137fc44f9401fd83dc8dd4f5268b980f2,f576ea76aa092554661cd44455751ab31e17cc70e21cb1510888eb316f77f1ab,,63868a1eef7c42c8a8a027252c3b8ca850e8a8ebf20469af49b0ce6724d9ce39,8139135b09e6bc262afaf1f9d2fc3995713af4387f6b526e510b7343c4bc9ae5,,fb32c703f6a5686d2ea5f4257b30820493dc49e01143939752afc687261d915a,,,
62,checkpoint,complete,,step,16,,,,15999,16000,,3bb9f69f321a5691ebce929d2732bb02451ab24c1e16254a1382099a8448f5dd,61b6f134f88cb3b1d0680bf3e131ac79fa926918652643e10db6770fa06c69b8,dcd54181df73cb9f10ec4d969f0aafefc08598adc6d500417ca751a0fe8fdf50,,63868a1eef7c42c8a8a027252c3b8ca850e8a8ebf20469af49b0ce6724d9ce39,8139135b09e6bc262afaf1f9d2fc3995713af4387f6b526e510b7343c4bc9ae5,,fb32c703f6a5686d2ea5f4257b30820493dc49e01143939752afc687261d915a,,,
63,checkpoint,complete,,epoch,16,,,,16384,16384,training,3bb9f69f321a5691ebce929d2732bb02451ab24c1e16254a1382099a8448f5dd,d3d72f01558aa8bb924a2f36c17a3910b8f39479533f15a627f9e19cc25e44d1,04401515e48655e70cec9cd2089939e0335b985fa42c9795fb96eb510982d7c8,,63868a1eef7c42c8a8a027252c3b8ca850e8a8ebf20469af49b0ce6724d9ce39,8139135b09e6bc262afaf1f9d2fc3995713af4387f6b526e510b7343c4bc9ae5,,fb32c703f6a5686d2ea5f4257b30820493dc49e01143939752afc687261d915a,,,
64,checkpoint,complete,,step,17,,,,16499,16500,,3bb9f69f321a5691ebce929d2732bb02451ab24c1e16254a1382099a8448f5dd,17915a4bb296e3488941f60150f6f7010ab022b42937c873008386d54052d5a1,e327a4af052bbb32e9dffda5daad37811d169da070250252975046741aff220e,,63868a1eef7c42c8a8a027252c3b8ca850e8a8ebf20469af49b0ce6724d9ce39,8139135b09e6bc262afaf1f9d2fc3995713af4387f6b526e510b7343c4bc9ae5,,fb32c703f6a5686d2ea5f4257b30820493dc49e01143939752afc687261d915a,,,
65,checkpoint,complete,,step,17,,,,16999,17000,,3bb9f69f321a5691ebce929d2732bb02451ab24c1e16254a1382099a8448f5dd,7038545d29dbef1a6a7b8e6bbdd0424cfd782c0358d8e754453f99fc52dac2a2,41e4fe8576f006f157fa88a17b0e5b1e9141af3604b95fd1d24ae5545192264c,,63868a1eef7c42c8a8a027252c3b8ca850e8a8ebf20469af49b0ce6724d9ce39,8139135b09e6bc262afaf1f9d2fc3995713af4387f6b526e510b7343c4bc9ae5,,fb32c703f6a5686d2ea5f4257b30820493dc49e01143939752afc687261d915a,,,
66,checkpoint,complete,,epoch,17,,,,17408,17408,refresh_required,3bb9f69f321a5691ebce929d2732bb02451ab24c1e16254a1382099a8448f5dd,75f39f919d1531b361cd5809b725b244f3d8de1f517aa25e41ab49e80dc755f2,8c2cb59784429355601f141ddf379472ebe91ce69744fe4e16516aac743416b8,,63868a1eef7c42c8a8a027252c3b8ca850e8a8ebf20469af49b0ce6724d9ce39,8139135b09e6bc262afaf1f9d2fc3995713af4387f6b526e510b7343c4bc9ae5,,fb32c703f6a5686d2ea5f4257b30820493dc49e01143939752afc687261d915a,,,
67,refresh,start,,,,17,6,refresh_0006_epoch017,17408,,,75f39f919d1531b361cd5809b725b244f3d8de1f517aa25e41ab49e80dc755f2,75f39f919d1531b361cd5809b725b244f3d8de1f517aa25e41ab49e80dc755f2,8c2cb59784429355601f141ddf379472ebe91ce69744fe4e16516aac743416b8,,,,,,,,
68,refresh,complete,,,,17,6,refresh_0006_epoch017,17408,17408,,75f39f919d1531b361cd5809b725b244f3d8de1f517aa25e41ab49e80dc755f2,75f39f919d1531b361cd5809b725b244f3d8de1f517aa25e41ab49e80dc755f2,8c2cb59784429355601f141ddf379472ebe91ce69744fe4e16516aac743416b8,,,,${SEIS_SSL_CLUSTER_ARTIFACT_ROOT}/pretraining/f3/facies_benchmark_v1/strat_hmm_pretext_mh_k6810_ctmask010_refresh3ep_hmm2_nocons_topblock1_distill_v1/target_refresh/generations/refresh_0006_epoch017/pseudo_targets/multi_head_target_manifest.json,e836d4d36c56f277bc61e3ec1abe90c28a5cbe3a87af3409eba7b6e4e22342c3,${SEIS_SSL_CLUSTER_ARTIFACT_ROOT}/pretraining/f3/facies_benchmark_v1/strat_hmm_pretext_mh_k6810_ctmask010_refresh3ep_hmm2_nocons_topblock1_distill_v1/target_refresh/generations/refresh_0006_epoch017/refresh_generation.json,a04574f720c02dcbc0060a81e12169ef1629919917722180ccc734c52cbe21c9,
69,checkpoint,complete,,refresh,17,,,,17408,17408,refresh_complete,75f39f919d1531b361cd5809b725b244f3d8de1f517aa25e41ab49e80dc755f2,75f39f919d1531b361cd5809b725b244f3d8de1f517aa25e41ab49e80dc755f2,8c2cb59784429355601f141ddf379472ebe91ce69744fe4e16516aac743416b8,,a04574f720c02dcbc0060a81e12169ef1629919917722180ccc734c52cbe21c9,726f3ea6c5673fcd9c2ca6005c75cf9c909537c39b15c43c384564fb18769c64,,e836d4d36c56f277bc61e3ec1abe90c28a5cbe3a87af3409eba7b6e4e22342c3,,,
70,checkpoint,complete,,step,18,,,,17499,17500,,75f39f919d1531b361cd5809b725b244f3d8de1f517aa25e41ab49e80dc755f2,16e98c02f4cbf4f491cc9052e0abbc46ab957e1b67ac0b96014a133fdb2de350,0d75e8f2d3327694f6532d7f24d97fe323f29d4b2c95e27c88665d989d01a6d4,,a04574f720c02dcbc0060a81e12169ef1629919917722180ccc734c52cbe21c9,726f3ea6c5673fcd9c2ca6005c75cf9c909537c39b15c43c384564fb18769c64,,e836d4d36c56f277bc61e3ec1abe90c28a5cbe3a87af3409eba7b6e4e22342c3,,,
71,checkpoint,complete,,step,18,,,,17999,18000,,75f39f919d1531b361cd5809b725b244f3d8de1f517aa25e41ab49e80dc755f2,a8578a8defd791917a03da79aa5fe5ad1a2fc0c9f1a85bfce3023f69d02a6566,210afbc7db7d3b1572d3bdd725e016b6f35cce74dcc71706636357369b62c837,,a04574f720c02dcbc0060a81e12169ef1629919917722180ccc734c52cbe21c9,726f3ea6c5673fcd9c2ca6005c75cf9c909537c39b15c43c384564fb18769c64,,e836d4d36c56f277bc61e3ec1abe90c28a5cbe3a87af3409eba7b6e4e22342c3,,,
72,checkpoint,complete,,epoch,18,,,,18432,18432,training,75f39f919d1531b361cd5809b725b244f3d8de1f517aa25e41ab49e80dc755f2,faa9584a401c48e5e4199a1b03e2831788feba7c41c7c26686c65d21f00ec3c4,1d434153b7fae4060b6d4dc2ee5f4f394baaf039d42ed7169cc728bc3bfa1055,,a04574f720c02dcbc0060a81e12169ef1629919917722180ccc734c52cbe21c9,726f3ea6c5673fcd9c2ca6005c75cf9c909537c39b15c43c384564fb18769c64,,e836d4d36c56f277bc61e3ec1abe90c28a5cbe3a87af3409eba7b6e4e22342c3,,,
73,checkpoint,complete,,step,19,,,,18499,18500,,75f39f919d1531b361cd5809b725b244f3d8de1f517aa25e41ab49e80dc755f2,907dd2661ad6741216754001fd123dde2cefdc13a4b34027c2c921b5845b4bdb,2c0094427d61064156b66c3608742cf35ba2fe5d110c3b3d483ccee1c175561e,,a04574f720c02dcbc0060a81e12169ef1629919917722180ccc734c52cbe21c9,726f3ea6c5673fcd9c2ca6005c75cf9c909537c39b15c43c384564fb18769c64,,e836d4d36c56f277bc61e3ec1abe90c28a5cbe3a87af3409eba7b6e4e22342c3,,,
74,checkpoint,complete,,step,19,,,,18999,19000,,75f39f919d1531b361cd5809b725b244f3d8de1f517aa25e41ab49e80dc755f2,42711cc0bfde93bbb462bd2cf31761f774ffbda9ed43be0d313cc7e45af22f5c,57d49678248e8efad3ca23964917f0e53e4e3e35cf2300ba3a037752fa887b48,,a04574f720c02dcbc0060a81e12169ef1629919917722180ccc734c52cbe21c9,726f3ea6c5673fcd9c2ca6005c75cf9c909537c39b15c43c384564fb18769c64,,e836d4d36c56f277bc61e3ec1abe90c28a5cbe3a87af3409eba7b6e4e22342c3,,,
75,checkpoint,complete,,epoch,19,,,,19456,19456,training,75f39f919d1531b361cd5809b725b244f3d8de1f517aa25e41ab49e80dc755f2,3c500b96fb0d40a8f6a3111426c252c19f5f9a893514c2537cae0c33e34a02ed,26b1b95920054a8f22e1ebb59634c81d93e0fe8eff40a9df069fdb4ecbd13814,,a04574f720c02dcbc0060a81e12169ef1629919917722180ccc734c52cbe21c9,726f3ea6c5673fcd9c2ca6005c75cf9c909537c39b15c43c384564fb18769c64,,e836d4d36c56f277bc61e3ec1abe90c28a5cbe3a87af3409eba7b6e4e22342c3,,,
76,checkpoint,complete,,step,20,,,,19499,19500,,75f39f919d1531b361cd5809b725b244f3d8de1f517aa25e41ab49e80dc755f2,51797dfa6268a0c0df48f597716bc38e93c3ff4e14a53c3f406f0733370f34f3,2f1743fc849fb880dedfec19ca3a27579fc9d06b98a77fa1c80d05a48105015f,,a04574f720c02dcbc0060a81e12169ef1629919917722180ccc734c52cbe21c9,726f3ea6c5673fcd9c2ca6005c75cf9c909537c39b15c43c384564fb18769c64,,e836d4d36c56f277bc61e3ec1abe90c28a5cbe3a87af3409eba7b6e4e22342c3,,,
77,checkpoint,complete,,step,20,,,,19999,20000,,75f39f919d1531b361cd5809b725b244f3d8de1f517aa25e41ab49e80dc755f2,d426273514d1f42c97532787d44126f4d047a099a6ec4aca9a3ffd6e396d0890,ff393da3d503a613c448555704cdcfde50630c981d5e3e53416d48241c1bdf8c,,a04574f720c02dcbc0060a81e12169ef1629919917722180ccc734c52cbe21c9,726f3ea6c5673fcd9c2ca6005c75cf9c909537c39b15c43c384564fb18769c64,,e836d4d36c56f277bc61e3ec1abe90c28a5cbe3a87af3409eba7b6e4e22342c3,,,
78,checkpoint,complete,,epoch,20,,,,20480,20480,refresh_required,75f39f919d1531b361cd5809b725b244f3d8de1f517aa25e41ab49e80dc755f2,9e4b41fa61b02b418f934a2785f227ee940adf942d0012c4add183ded55bc451,beff42933f0268ced5e22727ffa127ee60f87f128c6d69cdd279d59422f86076,,a04574f720c02dcbc0060a81e12169ef1629919917722180ccc734c52cbe21c9,726f3ea6c5673fcd9c2ca6005c75cf9c909537c39b15c43c384564fb18769c64,,e836d4d36c56f277bc61e3ec1abe90c28a5cbe3a87af3409eba7b6e4e22342c3,,,
79,refresh,start,,,,20,7,refresh_0007_epoch020,20480,,,9e4b41fa61b02b418f934a2785f227ee940adf942d0012c4add183ded55bc451,9e4b41fa61b02b418f934a2785f227ee940adf942d0012c4add183ded55bc451,beff42933f0268ced5e22727ffa127ee60f87f128c6d69cdd279d59422f86076,,,,,,,,
80,refresh,complete,,,,20,7,refresh_0007_epoch020,20480,20480,,9e4b41fa61b02b418f934a2785f227ee940adf942d0012c4add183ded55bc451,9e4b41fa61b02b418f934a2785f227ee940adf942d0012c4add183ded55bc451,beff42933f0268ced5e22727ffa127ee60f87f128c6d69cdd279d59422f86076,,,,${SEIS_SSL_CLUSTER_ARTIFACT_ROOT}/pretraining/f3/facies_benchmark_v1/strat_hmm_pretext_mh_k6810_ctmask010_refresh3ep_hmm2_nocons_topblock1_distill_v1/target_refresh/generations/refresh_0007_epoch020/pseudo_targets/multi_head_target_manifest.json,456c1d75963a1f3239f8aac905257afac3221f6843aa3b1f5d424fcb900410c1,${SEIS_SSL_CLUSTER_ARTIFACT_ROOT}/pretraining/f3/facies_benchmark_v1/strat_hmm_pretext_mh_k6810_ctmask010_refresh3ep_hmm2_nocons_topblock1_distill_v1/target_refresh/generations/refresh_0007_epoch020/refresh_generation.json,7bfe852037e44de31e8f9adee5237bff1482295c745f44efbe0711b34857d48a,
81,checkpoint,complete,,refresh,20,,,,20480,20480,refresh_complete,9e4b41fa61b02b418f934a2785f227ee940adf942d0012c4add183ded55bc451,9e4b41fa61b02b418f934a2785f227ee940adf942d0012c4add183ded55bc451,beff42933f0268ced5e22727ffa127ee60f87f128c6d69cdd279d59422f86076,,7bfe852037e44de31e8f9adee5237bff1482295c745f44efbe0711b34857d48a,6d71d46e618c86925fd8d90badc8f90b5f8a25d04688c32440db6a6857ba0ef6,,456c1d75963a1f3239f8aac905257afac3221f6843aa3b1f5d424fcb900410c1,,,
82,checkpoint,complete,,step,21,,,,20499,20500,,9e4b41fa61b02b418f934a2785f227ee940adf942d0012c4add183ded55bc451,990c73b7ab0dc9d4fb68eaed539883544df19f02bd9a932de6bf73b44cbe75ff,f94422c15c451f19803345c2b756c9a9808f321a8400bd3d128b4acc94b59e41,,7bfe852037e44de31e8f9adee5237bff1482295c745f44efbe0711b34857d48a,6d71d46e618c86925fd8d90badc8f90b5f8a25d04688c32440db6a6857ba0ef6,,456c1d75963a1f3239f8aac905257afac3221f6843aa3b1f5d424fcb900410c1,,,
83,checkpoint,complete,,step,21,,,,20999,21000,,9e4b41fa61b02b418f934a2785f227ee940adf942d0012c4add183ded55bc451,9edbd8446f69f7717faa8fbff19d43a4c1afb220302307f35f35e2ad168f9e5d,4cf9718d098220c11362e0a94252b8060cbb8f391290b521cf61fad4a4966cdb,,7bfe852037e44de31e8f9adee5237bff1482295c745f44efbe0711b34857d48a,6d71d46e618c86925fd8d90badc8f90b5f8a25d04688c32440db6a6857ba0ef6,,456c1d75963a1f3239f8aac905257afac3221f6843aa3b1f5d424fcb900410c1,,,
84,checkpoint,complete,,step,21,,,,21499,21500,,9e4b41fa61b02b418f934a2785f227ee940adf942d0012c4add183ded55bc451,4b0ba84dda08b5401c4895ad95188f227f69d09de5ec9e45527e541bd54b19f3,7fb6eaf0a04075421b96ac9751a9c2e44c9a6fc84aca2dc7f1c892b4f39ea8f2,,7bfe852037e44de31e8f9adee5237bff1482295c745f44efbe0711b34857d48a,6d71d46e618c86925fd8d90badc8f90b5f8a25d04688c32440db6a6857ba0ef6,,456c1d75963a1f3239f8aac905257afac3221f6843aa3b1f5d424fcb900410c1,,,
85,checkpoint,complete,,epoch,21,,,,21504,21504,training,9e4b41fa61b02b418f934a2785f227ee940adf942d0012c4add183ded55bc451,72a5d208cd2fb75eded9359769c39247f12d66064d8cea86b1832c525a27b519,7d0b3325a4b5531aadef9a4b616110ab083c55b3209d5102730624a0bd20b592,,7bfe852037e44de31e8f9adee5237bff1482295c745f44efbe0711b34857d48a,6d71d46e618c86925fd8d90badc8f90b5f8a25d04688c32440db6a6857ba0ef6,,456c1d75963a1f3239f8aac905257afac3221f6843aa3b1f5d424fcb900410c1,,,
86,checkpoint,complete,,step,22,,,,21999,22000,,9e4b41fa61b02b418f934a2785f227ee940adf942d0012c4add183ded55bc451,1c626018a6445ff1f3a2cd9a82c4c0d02366325299982b80d3c92fa9684ca0ee,825693f2a7b6c93a9fd21b3cf1370a9d61816e14c6015b22c9a17d1d72f834b9,,7bfe852037e44de31e8f9adee5237bff1482295c745f44efbe0711b34857d48a,6d71d46e618c86925fd8d90badc8f90b5f8a25d04688c32440db6a6857ba0ef6,,456c1d75963a1f3239f8aac905257afac3221f6843aa3b1f5d424fcb900410c1,,,
87,checkpoint,complete,,step,22,,,,22499,22500,,9e4b41fa61b02b418f934a2785f227ee940adf942d0012c4add183ded55bc451,b14d4bbedfc380629e7ccff49fc719b2ac89937576ba4262272394281ae8a01f,47cd3a35034a1fc581ed188ebe42a62c7b34fc2bda336c2c1a964ca5edd23d8d,,7bfe852037e44de31e8f9adee5237bff1482295c745f44efbe0711b34857d48a,6d71d46e618c86925fd8d90badc8f90b5f8a25d04688c32440db6a6857ba0ef6,,456c1d75963a1f3239f8aac905257afac3221f6843aa3b1f5d424fcb900410c1,,,
88,checkpoint,complete,,epoch,22,,,,22528,22528,training,9e4b41fa61b02b418f934a2785f227ee940adf942d0012c4add183ded55bc451,417bac10afcf22b2f77f1f6da5f9b92d5526a6c94f183c1836e6fe20821ee20e,210a76b129e6182129017674d7965807cbcacf13a1764400bf86fd4ff9d0250d,,7bfe852037e44de31e8f9adee5237bff1482295c745f44efbe0711b34857d48a,6d71d46e618c86925fd8d90badc8f90b5f8a25d04688c32440db6a6857ba0ef6,,456c1d75963a1f3239f8aac905257afac3221f6843aa3b1f5d424fcb900410c1,,,
89,checkpoint,complete,,step,23,,,,22999,23000,,9e4b41fa61b02b418f934a2785f227ee940adf942d0012c4add183ded55bc451,78a8950955ee50dd62ecc2db1ed64efbda0c7a1d7c5da7fdf4f70b2aecab69cd,095a4a9f2bd85d07cefadc0a3d311aa5b7b50fb17e93d3a51b223e2072381af7,,7bfe852037e44de31e8f9adee5237bff1482295c745f44efbe0711b34857d48a,6d71d46e618c86925fd8d90badc8f90b5f8a25d04688c32440db6a6857ba0ef6,,456c1d75963a1f3239f8aac905257afac3221f6843aa3b1f5d424fcb900410c1,,,
90,checkpoint,complete,,step,23,,,,23499,23500,,9e4b41fa61b02b418f934a2785f227ee940adf942d0012c4add183ded55bc451,0ee2417681ad6c0f4462e2c79f48fb6e5582ba798392c562a6ea77f1ea53f0e4,8de0e77afe3168fa60f2ff04ca6741dabd60b87d9b03bc52263ec002dac3ee27,,7bfe852037e44de31e8f9adee5237bff1482295c745f44efbe0711b34857d48a,6d71d46e618c86925fd8d90badc8f90b5f8a25d04688c32440db6a6857ba0ef6,,456c1d75963a1f3239f8aac905257afac3221f6843aa3b1f5d424fcb900410c1,,,
91,checkpoint,complete,,epoch,23,,,,23552,23552,training,9e4b41fa61b02b418f934a2785f227ee940adf942d0012c4add183ded55bc451,3eb3439c5b5b7c91d86a076a27a3a486beb6bd8a0246961e7132836ab671654a,7c7f78055838ccffc649bf68148115e4e8bd86d0b844df1e33b92575cadd0822,,7bfe852037e44de31e8f9adee5237bff1482295c745f44efbe0711b34857d48a,6d71d46e618c86925fd8d90badc8f90b5f8a25d04688c32440db6a6857ba0ef6,,456c1d75963a1f3239f8aac905257afac3221f6843aa3b1f5d424fcb900410c1,,,
92,checkpoint,complete,,step,24,,,,23999,24000,,9e4b41fa61b02b418f934a2785f227ee940adf942d0012c4add183ded55bc451,8c12a9cc2486d95fb2140c89957fb7eb5de2bc72f4d5bc66ce05f00ac5edc4a1,acbf3db6c955df9f060c76183214711f14854ce1228a14a0e124e8cd56d87443,,7bfe852037e44de31e8f9adee5237bff1482295c745f44efbe0711b34857d48a,6d71d46e618c86925fd8d90badc8f90b5f8a25d04688c32440db6a6857ba0ef6,,456c1d75963a1f3239f8aac905257afac3221f6843aa3b1f5d424fcb900410c1,,,
93,checkpoint,complete,,step,24,,,,24499,24500,,9e4b41fa61b02b418f934a2785f227ee940adf942d0012c4add183ded55bc451,ac32eb2bc21d32442f33f928f18814fbe7947a91283b39ed6d247d07db489a65,28225599f8a193d43345c9b640aa3b76bcbdabd4fa08b73757ff7ded1e5f08b5,,7bfe852037e44de31e8f9adee5237bff1482295c745f44efbe0711b34857d48a,6d71d46e618c86925fd8d90badc8f90b5f8a25d04688c32440db6a6857ba0ef6,,456c1d75963a1f3239f8aac905257afac3221f6843aa3b1f5d424fcb900410c1,,,
94,checkpoint,complete,,epoch,24,,,,24576,24576,training,9e4b41fa61b02b418f934a2785f227ee940adf942d0012c4add183ded55bc451,e171727322482125a447fe87917da6aee01c0114ef9649ae4f6bb545241e41d4,7b9f05909261d471de3ffa378f6ff8de9fa452fae8fe013c9a0e45180cac6cbe,,7bfe852037e44de31e8f9adee5237bff1482295c745f44efbe0711b34857d48a,6d71d46e618c86925fd8d90badc8f90b5f8a25d04688c32440db6a6857ba0ef6,,456c1d75963a1f3239f8aac905257afac3221f6843aa3b1f5d424fcb900410c1,,,
95,checkpoint,complete,,step,25,,,,24999,25000,,9e4b41fa61b02b418f934a2785f227ee940adf942d0012c4add183ded55bc451,cdb66c8e49cbd36aef14cf1635453df2b1b39b80a09015d98cba9752140f1588,5cedc83afe266799192845f309a00851f11934504bbe42d693ca0f24691177b1,,7bfe852037e44de31e8f9adee5237bff1482295c745f44efbe0711b34857d48a,6d71d46e618c86925fd8d90badc8f90b5f8a25d04688c32440db6a6857ba0ef6,,456c1d75963a1f3239f8aac905257afac3221f6843aa3b1f5d424fcb900410c1,,,
96,checkpoint,complete,,step,25,,,,25499,25500,,9e4b41fa61b02b418f934a2785f227ee940adf942d0012c4add183ded55bc451,f6b5b4ef73f966d07dbc5a41a1e28f842bbef8033669ad1daf702d491e71bdb1,e9412d08f6669c1d7710ed4a36edd831b668f088c164544820dfae4ce7190a5f,,7bfe852037e44de31e8f9adee5237bff1482295c745f44efbe0711b34857d48a,6d71d46e618c86925fd8d90badc8f90b5f8a25d04688c32440db6a6857ba0ef6,,456c1d75963a1f3239f8aac905257afac3221f6843aa3b1f5d424fcb900410c1,,,
97,checkpoint,complete,,epoch,25,,,,25600,25600,training,9e4b41fa61b02b418f934a2785f227ee940adf942d0012c4add183ded55bc451,bf260f3af1730704314e4a220ab39be71e6d052a0bb6f5e39579090f38af1c59,ddf3015f2593314ddb48588ded06b731c14086ab10e8ce12da7b4c38b9731b1f,,7bfe852037e44de31e8f9adee5237bff1482295c745f44efbe0711b34857d48a,6d71d46e618c86925fd8d90badc8f90b5f8a25d04688c32440db6a6857ba0ef6,,456c1d75963a1f3239f8aac905257afac3221f6843aa3b1f5d424fcb900410c1,,,
