budget_id,per_class_cap,subsample_seed,decoder_seed,model_role,model,model_tag,voxel_dataset_root,voxel_supervision_grid_sha256,selected_token_identity_sha256,unique_token_xyz_sha256,train_voxel_count,validation_voxel_count,validation_mask_sha256,canonical_valid_tokens_sha256,initial_model_state_sha256,sampling_mode,steps_per_epoch,sampling_sequence_sha256,train_tile_manifest_sha256,validation_tile_manifest_sha256,train_tile_identity_sha256,validation_tile_identity_sha256,class_weights,metric_schema_sha256,macro_f1,mean_iou,balanced_accuracy,accuracy,weighted_f1,boundary_region_macro_f1_r2,boundary_region_mean_iou_r2,boundary_region_macro_f1_r4,boundary_region_mean_iou_r4,boundary_f1_t2,boundary_f1_t4,vertical_boundary_position_mae,class_3_f1,class_3_iou,class_3_boundary_recall_t2,class_3_boundary_recall_t4,class_5_f1,class_5_iou,class_5_boundary_recall_t2,class_5_boundary_recall_t4
cap25,25,0,42000,mae,MAE,amp_mae_m075_mse_g0_patchnorm_clip8_agc65_vis01_v1,/workspace/artifacts/seis_ssl_cluster/lithology/f3/facies_benchmark_v1/voxel_label_budget_v1/original_split/datasets/budget=cap25/subsample_seed=0/voxel_supervision,38a576769ca8b6ca45fc23e4d4fefe492d550ff26a8f2154ab9f0525751618ff,9f67456c82dc0269ba7ce7aed9531c46ff45a2206d085e82e22d9f9bceb241de,0209d6e10db0bf6df8148a4e86e5bbc0c6b2d494b923bef463a31a2db01268e4,10024,470136,56ca3f96050433fbad04fe98b29b2cd441a3526e12940b7a9b445a26952f78c1,3bfeb8db8a47420ae7671db90a7e4d6e5a07fceba27648ec76213df3c2b38fd7,b3d59424338848e580272b30661015ad2beb8d5891a191aba25d95d45489fbd6,uniform_tiles_with_replacement,440,d4bb87af1c3ebd4321dac67ea82b9e61de44fd1af605876f14326b3316c9b61b,ee8b1df9dda450609dd9ee3569b2e1b605ec7154f60e2c1550171cc5d4cae010,8e62afe65636cfdd8d49029721a3646320d0c193ac5aa17f71d6e9e0e5c2739f,f0105eb8ed6fc9b93b59447de897415137e1cd6670858d0516f317670c5b87da,1f7e24f1a68d0020567af2966c4ac1472335c85d59d08526c3a0174bdebdc65b,"[0.9673808217048645,1.1056694984436035,0.979863166809082,0.9815902709960938,1.0435144901275635,0.9396325349807739]",fb47b0b45259f79dda2cbbef90a72dadb55aac7d57e32307c6b4977f1e78dc3e,0.5627152546086827,0.42340973697094975,0.5895717615853134,0.7140316844487552,0.7191292718114275,0.37638020293145025,0.23794632310950883,0.4262900529744696,0.27956243032203104,0.20649295452316344,0.3048353875829601,1.8397683397683398,0.35310379046977725,0.2144056124644917,0.25589910496338486,0.37347436940602113,0.32983508245877063,0.19748653500897667,0.2864864864864865,0.42162162162162165
cap25,25,0,42000,m1,M1,strat_hmm_pretext_m1_k6_topblock1_distill,/workspace/artifacts/seis_ssl_cluster/lithology/f3/facies_benchmark_v1/voxel_label_budget_v1/original_split/datasets/budget=cap25/subsample_seed=0/voxel_supervision,38a576769ca8b6ca45fc23e4d4fefe492d550ff26a8f2154ab9f0525751618ff,9f67456c82dc0269ba7ce7aed9531c46ff45a2206d085e82e22d9f9bceb241de,0209d6e10db0bf6df8148a4e86e5bbc0c6b2d494b923bef463a31a2db01268e4,10024,470136,56ca3f96050433fbad04fe98b29b2cd441a3526e12940b7a9b445a26952f78c1,3bfeb8db8a47420ae7671db90a7e4d6e5a07fceba27648ec76213df3c2b38fd7,b3d59424338848e580272b30661015ad2beb8d5891a191aba25d95d45489fbd6,uniform_tiles_with_replacement,440,d4bb87af1c3ebd4321dac67ea82b9e61de44fd1af605876f14326b3316c9b61b,ee8b1df9dda450609dd9ee3569b2e1b605ec7154f60e2c1550171cc5d4cae010,8e62afe65636cfdd8d49029721a3646320d0c193ac5aa17f71d6e9e0e5c2739f,f0105eb8ed6fc9b93b59447de897415137e1cd6670858d0516f317670c5b87da,1f7e24f1a68d0020567af2966c4ac1472335c85d59d08526c3a0174bdebdc65b,"[0.9673808217048645,1.1056694984436035,0.979863166809082,0.9815902709960938,1.0435144901275635,0.9396325349807739]",fb47b0b45259f79dda2cbbef90a72dadb55aac7d57e32307c6b4977f1e78dc3e,0.5515818675156555,0.42834708507507574,0.6628605829613211,0.6942352851089897,0.7229074183075074,0.3986071586615325,0.26064914528006083,0.44695553338259525,0.3044509780817602,0.2174533195020747,0.3066649377593361,1.7579281183932347,0.32698967537301354,0.1954498848929214,0.25711960943856793,0.3763222131814483,0.16794162230761095,0.09166827015585916,0.23243243243243245,0.3783783783783784
cap25,25,0,42000,m2a,M2-A,strat_hmm_pretext_m2a_boundary_a050_t2_k6_topblock1_distill,/workspace/artifacts/seis_ssl_cluster/lithology/f3/facies_benchmark_v1/voxel_label_budget_v1/original_split/datasets/budget=cap25/subsample_seed=0/voxel_supervision,38a576769ca8b6ca45fc23e4d4fefe492d550ff26a8f2154ab9f0525751618ff,9f67456c82dc0269ba7ce7aed9531c46ff45a2206d085e82e22d9f9bceb241de,0209d6e10db0bf6df8148a4e86e5bbc0c6b2d494b923bef463a31a2db01268e4,10024,470136,56ca3f96050433fbad04fe98b29b2cd441a3526e12940b7a9b445a26952f78c1,3bfeb8db8a47420ae7671db90a7e4d6e5a07fceba27648ec76213df3c2b38fd7,b3d59424338848e580272b30661015ad2beb8d5891a191aba25d95d45489fbd6,uniform_tiles_with_replacement,440,d4bb87af1c3ebd4321dac67ea82b9e61de44fd1af605876f14326b3316c9b61b,ee8b1df9dda450609dd9ee3569b2e1b605ec7154f60e2c1550171cc5d4cae010,8e62afe65636cfdd8d49029721a3646320d0c193ac5aa17f71d6e9e0e5c2739f,f0105eb8ed6fc9b93b59447de897415137e1cd6670858d0516f317670c5b87da,1f7e24f1a68d0020567af2966c4ac1472335c85d59d08526c3a0174bdebdc65b,"[0.9673808217048645,1.1056694984436035,0.979863166809082,0.9815902709960938,1.0435144901275635,0.9396325349807739]",fb47b0b45259f79dda2cbbef90a72dadb55aac7d57e32307c6b4977f1e78dc3e,0.5591923628068248,0.43908903856025217,0.6620966309500664,0.7288486735753059,0.7470260831640854,0.3651429281677901,0.2321561887050573,0.4173458886790456,0.27765342336230453,0.22555066079295155,0.33575624082232014,1.897660179313361,0.2902508615259199,0.1697622504930539,0.17534580960130186,0.2636289666395443,0.19436212504517528,0.10764180777390817,0.3027027027027027,0.42702702702702705
cap25,25,1,42001,mae,MAE,amp_mae_m075_mse_g0_patchnorm_clip8_agc65_vis01_v1,/workspace/artifacts/seis_ssl_cluster/lithology/f3/facies_benchmark_v1/voxel_label_budget_v1/original_split/datasets/budget=cap25/subsample_seed=1/voxel_supervision,8176a01429c2f42ed120248cc1ae3e8079ebaa403eb86243a7d28e02da1e4733,47a002737903bb827f77e61ea6f6de95d64d69db1ad33575eadb0a344e5d3d75,8545b4fc984e021aac14edc46a754f68b2e1af967bf276de1dbbd425a05089a4,10152,470136,56ca3f96050433fbad04fe98b29b2cd441a3526e12940b7a9b445a26952f78c1,3bfeb8db8a47420ae7671db90a7e4d6e5a07fceba27648ec76213df3c2b38fd7,0f6c20a5a876ea6fa72cdb12ede190390681bdf2fd34d2b383e46b848deaa2a2,uniform_tiles_with_replacement,440,1c350b575bd180d926591291454f319cfec4a640a9f1b78f1298ab897da9b445,509d5d2b2dd983b580cabb2d7e48d3d0b250513d0f39a5b27b981fe539f728fa,8e62afe65636cfdd8d49029721a3646320d0c193ac5aa17f71d6e9e0e5c2739f,3d93bfb300b6db5d636019d5452de1347aef11946b150fce15d7ce09342ec296,1f7e24f1a68d0020567af2966c4ac1472335c85d59d08526c3a0174bdebdc65b,"[1.0298235416412354,0.9532394409179688,0.9679633975028992,1.0528936386108398,1.0335980653762817,0.9712973833084106]",fb47b0b45259f79dda2cbbef90a72dadb55aac7d57e32307c6b4977f1e78dc3e,0.5377328918562964,0.3902387182656673,0.7007437349010104,0.6397063828339034,0.6544360537572128,0.4093240147239561,0.27173110309281584,0.45536056061478875,0.3117420563175241,0.2035395534436017,0.2907794937402906,1.795935470354075,0.37857830165985085,0.23348540484403396,0.2681041497152156,0.39788445890968266,0.23279530728827205,0.13173081095153383,0.11891891891891893,0.24864864864864866
cap25,25,1,42001,m1,M1,strat_hmm_pretext_m1_k6_topblock1_distill,/workspace/artifacts/seis_ssl_cluster/lithology/f3/facies_benchmark_v1/voxel_label_budget_v1/original_split/datasets/budget=cap25/subsample_seed=1/voxel_supervision,8176a01429c2f42ed120248cc1ae3e8079ebaa403eb86243a7d28e02da1e4733,47a002737903bb827f77e61ea6f6de95d64d69db1ad33575eadb0a344e5d3d75,8545b4fc984e021aac14edc46a754f68b2e1af967bf276de1dbbd425a05089a4,10152,470136,56ca3f96050433fbad04fe98b29b2cd441a3526e12940b7a9b445a26952f78c1,3bfeb8db8a47420ae7671db90a7e4d6e5a07fceba27648ec76213df3c2b38fd7,0f6c20a5a876ea6fa72cdb12ede190390681bdf2fd34d2b383e46b848deaa2a2,uniform_tiles_with_replacement,440,1c350b575bd180d926591291454f319cfec4a640a9f1b78f1298ab897da9b445,509d5d2b2dd983b580cabb2d7e48d3d0b250513d0f39a5b27b981fe539f728fa,8e62afe65636cfdd8d49029721a3646320d0c193ac5aa17f71d6e9e0e5c2739f,3d93bfb300b6db5d636019d5452de1347aef11946b150fce15d7ce09342ec296,1f7e24f1a68d0020567af2966c4ac1472335c85d59d08526c3a0174bdebdc65b,"[1.0298235416412354,0.9532394409179688,0.9679633975028992,1.0528936386108398,1.0335980653762817,0.9712973833084106]",fb47b0b45259f79dda2cbbef90a72dadb55aac7d57e32307c6b4977f1e78dc3e,0.5552033173314169,0.4295392678849095,0.6756018572909873,0.6710249800057856,0.7055061083841632,0.3815634426053038,0.24707061609939826,0.4247873794532739,0.28445838947286284,0.1767797419971333,0.2677271577527332,1.870879697669536,0.3941955329677678,0.24548165175819966,0.3531326281529699,0.5276647681041498,0.1534142640364188,0.08307995726846906,0.32972972972972975,0.5027027027027027
cap25,25,1,42001,m2a,M2-A,strat_hmm_pretext_m2a_boundary_a050_t2_k6_topblock1_distill,/workspace/artifacts/seis_ssl_cluster/lithology/f3/facies_benchmark_v1/voxel_label_budget_v1/original_split/datasets/budget=cap25/subsample_seed=1/voxel_supervision,8176a01429c2f42ed120248cc1ae3e8079ebaa403eb86243a7d28e02da1e4733,47a002737903bb827f77e61ea6f6de95d64d69db1ad33575eadb0a344e5d3d75,8545b4fc984e021aac14edc46a754f68b2e1af967bf276de1dbbd425a05089a4,10152,470136,56ca3f96050433fbad04fe98b29b2cd441a3526e12940b7a9b445a26952f78c1,3bfeb8db8a47420ae7671db90a7e4d6e5a07fceba27648ec76213df3c2b38fd7,0f6c20a5a876ea6fa72cdb12ede190390681bdf2fd34d2b383e46b848deaa2a2,uniform_tiles_with_replacement,440,1c350b575bd180d926591291454f319cfec4a640a9f1b78f1298ab897da9b445,509d5d2b2dd983b580cabb2d7e48d3d0b250513d0f39a5b27b981fe539f728fa,8e62afe65636cfdd8d49029721a3646320d0c193ac5aa17f71d6e9e0e5c2739f,3d93bfb300b6db5d636019d5452de1347aef11946b150fce15d7ce09342ec296,1f7e24f1a68d0020567af2966c4ac1472335c85d59d08526c3a0174bdebdc65b,"[1.0298235416412354,0.9532394409179688,0.9679633975028992,1.0528936386108398,1.0335980653762817,0.9712973833084106]",fb47b0b45259f79dda2cbbef90a72dadb55aac7d57e32307c6b4977f1e78dc3e,0.5445374567470086,0.40612271022341745,0.6437270665364253,0.6559314751476168,0.6797901315397991,0.34394695558595284,0.21718925843153106,0.3961235369237768,0.25705718523460336,0.15417256011315417,0.2471879841045329,2.008174386920981,0.36952603787902744,0.22663719045125758,0.17046379170056958,0.2709519934906428,0.2044485778501124,0.11386395027624309,0.16756756756756758,0.33513513513513515
cap25,25,2,42002,mae,MAE,amp_mae_m075_mse_g0_patchnorm_clip8_agc65_vis01_v1,/workspace/artifacts/seis_ssl_cluster/lithology/f3/facies_benchmark_v1/voxel_label_budget_v1/original_split/datasets/budget=cap25/subsample_seed=2/voxel_supervision,0967dc394725015586a31a6755dc25c0a8216bb3e6d9713f533d73bec3eb628e,3de7729ce46db1b9c5815708d333d0bd26e9bbbfc36f620b9af987d8a8b0b556,1b6bafccb104eb6ca695df069c80cfab37eba4941ff959be0e101d7079ffdc93,10024,470136,56ca3f96050433fbad04fe98b29b2cd441a3526e12940b7a9b445a26952f78c1,3bfeb8db8a47420ae7671db90a7e4d6e5a07fceba27648ec76213df3c2b38fd7,2685f4710886616954b976b91329f1fd281323735df87c0e37a5db2f8bc02067,uniform_tiles_with_replacement,440,809fbd5c563acef3e6fa6799b400d7e7d9016168108e54af552517fa76fcef41,b3ccf605a13ccedc0854624616237f9439fc99b6e0e733fdec2b3feccc7f614f,8e62afe65636cfdd8d49029721a3646320d0c193ac5aa17f71d6e9e0e5c2739f,6f3277a60b8b88d4afd6d3255d2c4913bd3252f8417d66e8dc75487553e4cf94,1f7e24f1a68d0020567af2966c4ac1472335c85d59d08526c3a0174bdebdc65b,"[0.9833235144615173,0.9844824075698853,1.017458438873291,0.987975537776947,0.9986053109169006,1.0300041437149048]",fb47b0b45259f79dda2cbbef90a72dadb55aac7d57e32307c6b4977f1e78dc3e,0.5574717501364956,0.4199155474436213,0.6785095878653337,0.677278489628533,0.6981598721420482,0.4370231310233947,0.2893666884868103,0.4892080364326395,0.3371781161458945,0.21107316930799988,0.2894083997314888,1.700484066155708,0.40837863767189,0.2565802692384971,0.3999186330349878,0.5248169243287225,0.18526728621365846,0.10209067418369744,0.2810810810810811,0.3837837837837838
cap25,25,2,42002,m1,M1,strat_hmm_pretext_m1_k6_topblock1_distill,/workspace/artifacts/seis_ssl_cluster/lithology/f3/facies_benchmark_v1/voxel_label_budget_v1/original_split/datasets/budget=cap25/subsample_seed=2/voxel_supervision,0967dc394725015586a31a6755dc25c0a8216bb3e6d9713f533d73bec3eb628e,3de7729ce46db1b9c5815708d333d0bd26e9bbbfc36f620b9af987d8a8b0b556,1b6bafccb104eb6ca695df069c80cfab37eba4941ff959be0e101d7079ffdc93,10024,470136,56ca3f96050433fbad04fe98b29b2cd441a3526e12940b7a9b445a26952f78c1,3bfeb8db8a47420ae7671db90a7e4d6e5a07fceba27648ec76213df3c2b38fd7,2685f4710886616954b976b91329f1fd281323735df87c0e37a5db2f8bc02067,uniform_tiles_with_replacement,440,809fbd5c563acef3e6fa6799b400d7e7d9016168108e54af552517fa76fcef41,b3ccf605a13ccedc0854624616237f9439fc99b6e0e733fdec2b3feccc7f614f,8e62afe65636cfdd8d49029721a3646320d0c193ac5aa17f71d6e9e0e5c2739f,6f3277a60b8b88d4afd6d3255d2c4913bd3252f8417d66e8dc75487553e4cf94,1f7e24f1a68d0020567af2966c4ac1472335c85d59d08526c3a0174bdebdc65b,"[0.9833235144615173,0.9844824075698853,1.017458438873291,0.987975537776947,0.9986053109169006,1.0300041437149048]",fb47b0b45259f79dda2cbbef90a72dadb55aac7d57e32307c6b4977f1e78dc3e,0.6005337751099591,0.46771224435195635,0.6851192184904917,0.7540286215052666,0.7650745164592974,0.4694814676539205,0.31794605029595463,0.5208997794170219,0.3648175771163455,0.2541920731707317,0.34977134146341465,1.7498365657005883,0.45756642655111396,0.29665227367165903,0.4174125305126119,0.5545158665581774,0.25426322693484915,0.145648090169067,0.2756756756756757,0.41081081081081083
cap25,25,2,42002,m2a,M2-A,strat_hmm_pretext_m2a_boundary_a050_t2_k6_topblock1_distill,/workspace/artifacts/seis_ssl_cluster/lithology/f3/facies_benchmark_v1/voxel_label_budget_v1/original_split/datasets/budget=cap25/subsample_seed=2/voxel_supervision,0967dc394725015586a31a6755dc25c0a8216bb3e6d9713f533d73bec3eb628e,3de7729ce46db1b9c5815708d333d0bd26e9bbbfc36f620b9af987d8a8b0b556,1b6bafccb104eb6ca695df069c80cfab37eba4941ff959be0e101d7079ffdc93,10024,470136,56ca3f96050433fbad04fe98b29b2cd441a3526e12940b7a9b445a26952f78c1,3bfeb8db8a47420ae7671db90a7e4d6e5a07fceba27648ec76213df3c2b38fd7,2685f4710886616954b976b91329f1fd281323735df87c0e37a5db2f8bc02067,uniform_tiles_with_replacement,440,809fbd5c563acef3e6fa6799b400d7e7d9016168108e54af552517fa76fcef41,b3ccf605a13ccedc0854624616237f9439fc99b6e0e733fdec2b3feccc7f614f,8e62afe65636cfdd8d49029721a3646320d0c193ac5aa17f71d6e9e0e5c2739f,6f3277a60b8b88d4afd6d3255d2c4913bd3252f8417d66e8dc75487553e4cf94,1f7e24f1a68d0020567af2966c4ac1472335c85d59d08526c3a0174bdebdc65b,"[0.9833235144615173,0.9844824075698853,1.017458438873291,0.987975537776947,0.9986053109169006,1.0300041437149048]",fb47b0b45259f79dda2cbbef90a72dadb55aac7d57e32307c6b4977f1e78dc3e,0.5675863593555183,0.4316721314942858,0.670506625417441,0.696709037384927,0.7146718281663277,0.47639252037007734,0.32907429058032095,0.5294882736320672,0.3790412560304804,0.22200778410370228,0.3151597027887677,1.7773014901000204,0.37737533003607154,0.23257093092542513,0.3441822620016273,0.4898291293734744,0.19846605435091375,0.1101650373173552,0.1891891891891892,0.3027027027027027
cap25,25,3,42003,mae,MAE,amp_mae_m075_mse_g0_patchnorm_clip8_agc65_vis01_v1,/workspace/artifacts/seis_ssl_cluster/lithology/f3/facies_benchmark_v1/voxel_label_budget_v1/original_split/datasets/budget=cap25/subsample_seed=3/voxel_supervision,8ecb7621a5fcfc74cc61a6e4ce2ff4c3ac58b908f55c0e1ac6f6bd41a5770544,a14e663a0f3fef2d136f68e0c6c3eaf53b220ef4f4159485d87865b4bd59a0dd,833fcd11f6841a54d8a34dc5a4de255852d6e6277e9282a90b8bc7e7724c0597,10256,470136,56ca3f96050433fbad04fe98b29b2cd441a3526e12940b7a9b445a26952f78c1,3bfeb8db8a47420ae7671db90a7e4d6e5a07fceba27648ec76213df3c2b38fd7,19196495f76624a220aef65a234a655353f421d2eaf831ce7a499a68f8a1775c,uniform_tiles_with_replacement,440,d0ee01de78142ffd861f63e25a62c63cef903d28e2dace64aa086a99c4c64263,15e9a842cdc1e6bd3bfd9555a319a19987d13021027fc21855d9bafd923a0cd6,8e62afe65636cfdd8d49029721a3646320d0c193ac5aa17f71d6e9e0e5c2739f,e8d02e9373bf20d3dac3cb7da6949c77047989d16235f39d03c7c07d21435774,1f7e24f1a68d0020567af2966c4ac1472335c85d59d08526c3a0174bdebdc65b,"[0.9684607982635498,1.1216098070144653,0.9544016122817993,0.9544016122817993,1.0253949165344238,0.9949553608894348]",fb47b0b45259f79dda2cbbef90a72dadb55aac7d57e32307c6b4977f1e78dc3e,0.6005009672912379,0.4547282436540194,0.7350306360917545,0.7245435363384212,0.7388037645620114,0.42679699828836487,0.27944560218817505,0.4851915889723249,0.32941922254251255,0.21118502649678655,0.29862442214454843,1.759486501793468,0.47339921725610734,0.31010020603109195,0.4641985353946298,0.6358828315703824,0.23892877309026378,0.13567240747526566,0.14054054054054055,0.24324324324324326
cap25,25,3,42003,m1,M1,strat_hmm_pretext_m1_k6_topblock1_distill,/workspace/artifacts/seis_ssl_cluster/lithology/f3/facies_benchmark_v1/voxel_label_budget_v1/original_split/datasets/budget=cap25/subsample_seed=3/voxel_supervision,8ecb7621a5fcfc74cc61a6e4ce2ff4c3ac58b908f55c0e1ac6f6bd41a5770544,a14e663a0f3fef2d136f68e0c6c3eaf53b220ef4f4159485d87865b4bd59a0dd,833fcd11f6841a54d8a34dc5a4de255852d6e6277e9282a90b8bc7e7724c0597,10256,470136,56ca3f96050433fbad04fe98b29b2cd441a3526e12940b7a9b445a26952f78c1,3bfeb8db8a47420ae7671db90a7e4d6e5a07fceba27648ec76213df3c2b38fd7,19196495f76624a220aef65a234a655353f421d2eaf831ce7a499a68f8a1775c,uniform_tiles_with_replacement,440,d0ee01de78142ffd861f63e25a62c63cef903d28e2dace64aa086a99c4c64263,15e9a842cdc1e6bd3bfd9555a319a19987d13021027fc21855d9bafd923a0cd6,8e62afe65636cfdd8d49029721a3646320d0c193ac5aa17f71d6e9e0e5c2739f,e8d02e9373bf20d3dac3cb7da6949c77047989d16235f39d03c7c07d21435774,1f7e24f1a68d0020567af2966c4ac1472335c85d59d08526c3a0174bdebdc65b,"[0.9684607982635498,1.1216098070144653,0.9544016122817993,0.9544016122817993,1.0253949165344238,0.9949553608894348]",fb47b0b45259f79dda2cbbef90a72dadb55aac7d57e32307c6b4977f1e78dc3e,0.6486527901627365,0.524152230573385,0.751496349138652,0.8006172681947351,0.8118015182077869,0.442660101749982,0.2916368892940476,0.5007011012808359,0.3438923602463766,0.23586608228057898,0.3520312327354425,1.8878426449047918,0.43661340290233164,0.2792741115427737,0.3486574450772986,0.45931651749389746,0.23798569576310177,0.1350645651348272,0.17297297297297298,0.2864864864864865
cap25,25,3,42003,m2a,M2-A,strat_hmm_pretext_m2a_boundary_a050_t2_k6_topblock1_distill,/workspace/artifacts/seis_ssl_cluster/lithology/f3/facies_benchmark_v1/voxel_label_budget_v1/original_split/datasets/budget=cap25/subsample_seed=3/voxel_supervision,8ecb7621a5fcfc74cc61a6e4ce2ff4c3ac58b908f55c0e1ac6f6bd41a5770544,a14e663a0f3fef2d136f68e0c6c3eaf53b220ef4f4159485d87865b4bd59a0dd,833fcd11f6841a54d8a34dc5a4de255852d6e6277e9282a90b8bc7e7724c0597,10256,470136,56ca3f96050433fbad04fe98b29b2cd441a3526e12940b7a9b445a26952f78c1,3bfeb8db8a47420ae7671db90a7e4d6e5a07fceba27648ec76213df3c2b38fd7,19196495f76624a220aef65a234a655353f421d2eaf831ce7a499a68f8a1775c,uniform_tiles_with_replacement,440,d0ee01de78142ffd861f63e25a62c63cef903d28e2dace64aa086a99c4c64263,15e9a842cdc1e6bd3bfd9555a319a19987d13021027fc21855d9bafd923a0cd6,8e62afe65636cfdd8d49029721a3646320d0c193ac5aa17f71d6e9e0e5c2739f,e8d02e9373bf20d3dac3cb7da6949c77047989d16235f39d03c7c07d21435774,1f7e24f1a68d0020567af2966c4ac1472335c85d59d08526c3a0174bdebdc65b,"[0.9684607982635498,1.1216098070144653,0.9544016122817993,0.9544016122817993,1.0253949165344238,0.9949553608894348]",fb47b0b45259f79dda2cbbef90a72dadb55aac7d57e32307c6b4977f1e78dc3e,0.644464503405387,0.5062377016299121,0.7722742343064687,0.7745588510558646,0.7878679166944713,0.45358264935825837,0.30381484602365555,0.5061874096843817,0.3496734669876644,0.23044273976870058,0.34585880612125697,1.9045260076559334,0.4898711910571412,0.32439033555029495,0.30349877949552484,0.4633848657445077,0.29998112138946575,0.1764575235980011,0.1783783783783784,0.2702702702702703
cap25,25,4,42004,mae,MAE,amp_mae_m075_mse_g0_patchnorm_clip8_agc65_vis01_v1,/workspace/artifacts/seis_ssl_cluster/lithology/f3/facies_benchmark_v1/voxel_label_budget_v1/original_split/datasets/budget=cap25/subsample_seed=4/voxel_supervision,a9847c677c793cae6cdb98579e15d4a60b6f6f087808874ec9961cd9d1c7bc3a,e305e99147d893cb5caa330e781f0eabaf2cd7bf45b4414998cfd77cd39ad69e,e960033385e8135007ae226c585ceef3d88bc62efc67c21da0345260d6d8b005,10160,470136,56ca3f96050433fbad04fe98b29b2cd441a3526e12940b7a9b445a26952f78c1,3bfeb8db8a47420ae7671db90a7e4d6e5a07fceba27648ec76213df3c2b38fd7,43b7946aacd6ee882d523f717f81031c848bcf9f54c0768bb4e124ece8aacbd9,uniform_tiles_with_replacement,440,98dda68824fedce53dd91764293cc7038eacc29a12fcfe63ab517a4b701f062b,af11466bf70e13fa7519017bd5fbf5f4950df878e14078305bbc95cbbb1005a8,8e62afe65636cfdd8d49029721a3646320d0c193ac5aa17f71d6e9e0e5c2739f,458e176bbea2421241e48393fa11e028a1ced756fa3df033a9eb0ae6feb7318f,1f7e24f1a68d0020567af2966c4ac1472335c85d59d08526c3a0174bdebdc65b,"[0.9902533888816833,0.9350267052650452,0.9782399535179138,1.0344125032424927,1.0337810516357422,1.0369462966918945]",fb47b0b45259f79dda2cbbef90a72dadb55aac7d57e32307c6b4977f1e78dc3e,0.570414166592219,0.43140723502014966,0.7302079289224171,0.6806689979069886,0.7076694788193426,0.4193278541163518,0.2736635204501186,0.4793071243529183,0.32819780641246193,0.2056150147355359,0.29886769039863503,1.8445090305169192,0.3551004033965544,0.21587968294830973,0.28803905614320585,0.42066720911310007,0.2235959765297569,0.12587000117966263,0.08648648648648649,0.12972972972972974
cap25,25,4,42004,m1,M1,strat_hmm_pretext_m1_k6_topblock1_distill,/workspace/artifacts/seis_ssl_cluster/lithology/f3/facies_benchmark_v1/voxel_label_budget_v1/original_split/datasets/budget=cap25/subsample_seed=4/voxel_supervision,a9847c677c793cae6cdb98579e15d4a60b6f6f087808874ec9961cd9d1c7bc3a,e305e99147d893cb5caa330e781f0eabaf2cd7bf45b4414998cfd77cd39ad69e,e960033385e8135007ae226c585ceef3d88bc62efc67c21da0345260d6d8b005,10160,470136,56ca3f96050433fbad04fe98b29b2cd441a3526e12940b7a9b445a26952f78c1,3bfeb8db8a47420ae7671db90a7e4d6e5a07fceba27648ec76213df3c2b38fd7,43b7946aacd6ee882d523f717f81031c848bcf9f54c0768bb4e124ece8aacbd9,uniform_tiles_with_replacement,440,98dda68824fedce53dd91764293cc7038eacc29a12fcfe63ab517a4b701f062b,af11466bf70e13fa7519017bd5fbf5f4950df878e14078305bbc95cbbb1005a8,8e62afe65636cfdd8d49029721a3646320d0c193ac5aa17f71d6e9e0e5c2739f,458e176bbea2421241e48393fa11e028a1ced756fa3df033a9eb0ae6feb7318f,1f7e24f1a68d0020567af2966c4ac1472335c85d59d08526c3a0174bdebdc65b,"[0.9902533888816833,0.9350267052650452,0.9782399535179138,1.0344125032424927,1.0337810516357422,1.0369462966918945]",fb47b0b45259f79dda2cbbef90a72dadb55aac7d57e32307c6b4977f1e78dc3e,0.5946875215820561,0.4695996939644189,0.7233423757111884,0.7257346810284684,0.7523975649403419,0.41173352289114296,0.2708096040102182,0.4785948624868221,0.330837395817883,0.2226522713383581,0.3237590819583079,1.8531879194630871,0.31280411511191436,0.18539881344759393,0.2192839707078926,0.3531326281529699,0.20070711760294274,0.11154777499900759,0.14594594594594595,0.25405405405405407
cap25,25,4,42004,m2a,M2-A,strat_hmm_pretext_m2a_boundary_a050_t2_k6_topblock1_distill,/workspace/artifacts/seis_ssl_cluster/lithology/f3/facies_benchmark_v1/voxel_label_budget_v1/original_split/datasets/budget=cap25/subsample_seed=4/voxel_supervision,a9847c677c793cae6cdb98579e15d4a60b6f6f087808874ec9961cd9d1c7bc3a,e305e99147d893cb5caa330e781f0eabaf2cd7bf45b4414998cfd77cd39ad69e,e960033385e8135007ae226c585ceef3d88bc62efc67c21da0345260d6d8b005,10160,470136,56ca3f96050433fbad04fe98b29b2cd441a3526e12940b7a9b445a26952f78c1,3bfeb8db8a47420ae7671db90a7e4d6e5a07fceba27648ec76213df3c2b38fd7,43b7946aacd6ee882d523f717f81031c848bcf9f54c0768bb4e124ece8aacbd9,uniform_tiles_with_replacement,440,98dda68824fedce53dd91764293cc7038eacc29a12fcfe63ab517a4b701f062b,af11466bf70e13fa7519017bd5fbf5f4950df878e14078305bbc95cbbb1005a8,8e62afe65636cfdd8d49029721a3646320d0c193ac5aa17f71d6e9e0e5c2739f,458e176bbea2421241e48393fa11e028a1ced756fa3df033a9eb0ae6feb7318f,1f7e24f1a68d0020567af2966c4ac1472335c85d59d08526c3a0174bdebdc65b,"[0.9902533888816833,0.9350267052650452,0.9782399535179138,1.0344125032424927,1.0337810516357422,1.0369462966918945]",fb47b0b45259f79dda2cbbef90a72dadb55aac7d57e32307c6b4977f1e78dc3e,0.5716842957586158,0.44617411316710126,0.7335088676215884,0.677318903466231,0.7134064205604362,0.3754069753621028,0.24197482252245514,0.4441369114877018,0.3025329294787826,0.20286427539088162,0.30147155432926026,1.900196121159294,0.31794502460688995,0.18902177946507578,0.2078925956061839,0.34377542717656634,0.1808793519262878,0.09943230105041302,0.10810810810810811,0.1837837837837838
cap50,50,0,42000,mae,MAE,amp_mae_m075_mse_g0_patchnorm_clip8_agc65_vis01_v1,/workspace/artifacts/seis_ssl_cluster/lithology/f3/facies_benchmark_v1/voxel_label_budget_v1/original_split/datasets/budget=cap50/subsample_seed=0/voxel_supervision,942b1e3fa4179568800807b7ce5db3fb935a60019bf4c4b1ac1ca3acb12980bd,2987a70f438bf8a11ce92ec138d0b82823c12bd9aec7d98b979d19bdaa82f3a0,30451c3f13bfc104aacc78b1a2ba7074da453398bcbbbf5b9975ae131b9e3805,20520,470136,56ca3f96050433fbad04fe98b29b2cd441a3526e12940b7a9b445a26952f78c1,3bfeb8db8a47420ae7671db90a7e4d6e5a07fceba27648ec76213df3c2b38fd7,b3d59424338848e580272b30661015ad2beb8d5891a191aba25d95d45489fbd6,uniform_tiles_with_replacement,440,65f4176b8ed733e3b66580a0dd656b154fb0f15dac594ca565d72e4ca3022d9f,0f455c8d13fbf38876361854a76f3b7268d736d57dd1080c5f37323025fa3c1d,8e62afe65636cfdd8d49029721a3646320d0c193ac5aa17f71d6e9e0e5c2739f,97888cbcea96e90c2c154c241c1bd30d43405557d20135f0cf743bc0a652d5ba,1f7e24f1a68d0020567af2966c4ac1472335c85d59d08526c3a0174bdebdc65b,"[1.0310521125793457,1.0251798629760742,0.9336609244346619,0.9732498526573181,0.97826087474823,1.0707576274871826]",fb47b0b45259f79dda2cbbef90a72dadb55aac7d57e32307c6b4977f1e78dc3e,0.6420262771562378,0.5112847938770767,0.7373287351057972,0.776849677540116,0.7937158726267783,0.4130927186114895,0.27209404757714206,0.4687187107514634,0.3211896135441801,0.2522685342068602,0.3641703377386197,1.8087262200165426,0.4656606966577352,0.3034926470588235,0.3681855166802278,0.49755899104963386,0.3178155178155178,0.18893023992398447,0.1837837837837838,0.31351351351351353
cap50,50,0,42000,m1,M1,strat_hmm_pretext_m1_k6_topblock1_distill,/workspace/artifacts/seis_ssl_cluster/lithology/f3/facies_benchmark_v1/voxel_label_budget_v1/original_split/datasets/budget=cap50/subsample_seed=0/voxel_supervision,942b1e3fa4179568800807b7ce5db3fb935a60019bf4c4b1ac1ca3acb12980bd,2987a70f438bf8a11ce92ec138d0b82823c12bd9aec7d98b979d19bdaa82f3a0,30451c3f13bfc104aacc78b1a2ba7074da453398bcbbbf5b9975ae131b9e3805,20520,470136,56ca3f96050433fbad04fe98b29b2cd441a3526e12940b7a9b445a26952f78c1,3bfeb8db8a47420ae7671db90a7e4d6e5a07fceba27648ec76213df3c2b38fd7,b3d59424338848e580272b30661015ad2beb8d5891a191aba25d95d45489fbd6,uniform_tiles_with_replacement,440,65f4176b8ed733e3b66580a0dd656b154fb0f15dac594ca565d72e4ca3022d9f,0f455c8d13fbf38876361854a76f3b7268d736d57dd1080c5f37323025fa3c1d,8e62afe65636cfdd8d49029721a3646320d0c193ac5aa17f71d6e9e0e5c2739f,97888cbcea96e90c2c154c241c1bd30d43405557d20135f0cf743bc0a652d5ba,1f7e24f1a68d0020567af2966c4ac1472335c85d59d08526c3a0174bdebdc65b,"[1.0310521125793457,1.0251798629760742,0.9336609244346619,0.9732498526573181,0.97826087474823,1.0707576274871826]",fb47b0b45259f79dda2cbbef90a72dadb55aac7d57e32307c6b4977f1e78dc3e,0.6698931327143448,0.5432283865747506,0.7357101523655621,0.8107313628396889,0.8218684498513021,0.4344282594701952,0.2856369748165824,0.4993813704945651,0.3448988823889789,0.28229575621611513,0.43391288091232005,1.9510986643688066,0.5097037793667007,0.3420150788211104,0.3177379983726607,0.4524003254678601,0.2826015727391874,0.1645521320232758,0.15675675675675677,0.2918918918918919
cap50,50,0,42000,m2a,M2-A,strat_hmm_pretext_m2a_boundary_a050_t2_k6_topblock1_distill,/workspace/artifacts/seis_ssl_cluster/lithology/f3/facies_benchmark_v1/voxel_label_budget_v1/original_split/datasets/budget=cap50/subsample_seed=0/voxel_supervision,942b1e3fa4179568800807b7ce5db3fb935a60019bf4c4b1ac1ca3acb12980bd,2987a70f438bf8a11ce92ec138d0b82823c12bd9aec7d98b979d19bdaa82f3a0,30451c3f13bfc104aacc78b1a2ba7074da453398bcbbbf5b9975ae131b9e3805,20520,470136,56ca3f96050433fbad04fe98b29b2cd441a3526e12940b7a9b445a26952f78c1,3bfeb8db8a47420ae7671db90a7e4d6e5a07fceba27648ec76213df3c2b38fd7,b3d59424338848e580272b30661015ad2beb8d5891a191aba25d95d45489fbd6,uniform_tiles_with_replacement,440,65f4176b8ed733e3b66580a0dd656b154fb0f15dac594ca565d72e4ca3022d9f,0f455c8d13fbf38876361854a76f3b7268d736d57dd1080c5f37323025fa3c1d,8e62afe65636cfdd8d49029721a3646320d0c193ac5aa17f71d6e9e0e5c2739f,97888cbcea96e90c2c154c241c1bd30d43405557d20135f0cf743bc0a652d5ba,1f7e24f1a68d0020567af2966c4ac1472335c85d59d08526c3a0174bdebdc65b,"[1.0310521125793457,1.0251798629760742,0.9336609244346619,0.9732498526573181,0.97826087474823,1.0707576274871826]",fb47b0b45259f79dda2cbbef90a72dadb55aac7d57e32307c6b4977f1e78dc3e,0.6907592940767825,0.5524980386386734,0.7805443751374659,0.8016765361512413,0.8100168527926054,0.46745433819261034,0.3138311235930149,0.5297958036882381,0.3718486144455606,0.26040602372173605,0.41011061258940074,1.9532062391681109,0.5373072113380575,0.36734112282701625,0.30431244914564687,0.4576891781936534,0.439567975312875,0.2816963304768183,0.3081081081081081,0.42702702702702705
cap50,50,1,42001,mae,MAE,amp_mae_m075_mse_g0_patchnorm_clip8_agc65_vis01_v1,/workspace/artifacts/seis_ssl_cluster/lithology/f3/facies_benchmark_v1/voxel_label_budget_v1/original_split/datasets/budget=cap50/subsample_seed=1/voxel_supervision,d4d405a2eec7b6912c977a265c497a8aaeaa0a92d84a18e5d94edf148b6e6469,15fb2e8b6dbe05cbee49fefb3c6fe7e31c246d440c98d6d7e0588009e6edb326,4f2ed47315d08d0fab732be112b4cc045b613a172fd44908cc890c92310ee3f3,20128,470136,56ca3f96050433fbad04fe98b29b2cd441a3526e12940b7a9b445a26952f78c1,3bfeb8db8a47420ae7671db90a7e4d6e5a07fceba27648ec76213df3c2b38fd7,0f6c20a5a876ea6fa72cdb12ede190390681bdf2fd34d2b383e46b848deaa2a2,uniform_tiles_with_replacement,440,8dcc659310999f96dcfe2d150573ffe9b4c0de6cdd4fde5536e7d927282a7c4e,3f473084fc682bfa73a9656c335d9409c0cd09ea2c6aa6ea72ed60de94c35cff,8e62afe65636cfdd8d49029721a3646320d0c193ac5aa17f71d6e9e0e5c2739f,286220023dbe014f834ef794fee52708de28ebb260f1e0cb19d24953977101c5,1f7e24f1a68d0020567af2966c4ac1472335c85d59d08526c3a0174bdebdc65b,"[1.0303030014038086,1.0411752462387085,0.9321107864379883,0.9945646524429321,1.0116605758666992,0.9978187680244446]",fb47b0b45259f79dda2cbbef90a72dadb55aac7d57e32307c6b4977f1e78dc3e,0.6316293997355739,0.49982291338715035,0.7490365166563243,0.7628026783739174,0.7839330282336918,0.4227272834020086,0.27737759352587993,0.48579562105686813,0.333489864124001,0.224204223132682,0.32171446580523166,1.7827194357366771,0.44506337190042083,0.28622605182590033,0.4011391375101709,0.5785191212367778,0.24313456257355825,0.13839111259978787,0.2,0.3621621621621622
cap50,50,1,42001,m1,M1,strat_hmm_pretext_m1_k6_topblock1_distill,/workspace/artifacts/seis_ssl_cluster/lithology/f3/facies_benchmark_v1/voxel_label_budget_v1/original_split/datasets/budget=cap50/subsample_seed=1/voxel_supervision,d4d405a2eec7b6912c977a265c497a8aaeaa0a92d84a18e5d94edf148b6e6469,15fb2e8b6dbe05cbee49fefb3c6fe7e31c246d440c98d6d7e0588009e6edb326,4f2ed47315d08d0fab732be112b4cc045b613a172fd44908cc890c92310ee3f3,20128,470136,56ca3f96050433fbad04fe98b29b2cd441a3526e12940b7a9b445a26952f78c1,3bfeb8db8a47420ae7671db90a7e4d6e5a07fceba27648ec76213df3c2b38fd7,0f6c20a5a876ea6fa72cdb12ede190390681bdf2fd34d2b383e46b848deaa2a2,uniform_tiles_with_replacement,440,8dcc659310999f96dcfe2d150573ffe9b4c0de6cdd4fde5536e7d927282a7c4e,3f473084fc682bfa73a9656c335d9409c0cd09ea2c6aa6ea72ed60de94c35cff,8e62afe65636cfdd8d49029721a3646320d0c193ac5aa17f71d6e9e0e5c2739f,286220023dbe014f834ef794fee52708de28ebb260f1e0cb19d24953977101c5,1f7e24f1a68d0020567af2966c4ac1472335c85d59d08526c3a0174bdebdc65b,"[1.0303030014038086,1.0411752462387085,0.9321107864379883,0.9945646524429321,1.0116605758666992,0.9978187680244446]",fb47b0b45259f79dda2cbbef90a72dadb55aac7d57e32307c6b4977f1e78dc3e,0.6572902378177637,0.5189864996174512,0.7633653454960437,0.7824714550683206,0.7932733506975908,0.46560965696720524,0.31146452550917725,0.5294361153101231,0.3701358017019447,0.24356470797088586,0.34915675483756436,1.7947935733170632,0.5155219182210911,0.3472748601335499,0.3323840520748576,0.4707078925956062,0.3287600310639399,0.19671623296158613,0.15135135135135136,0.3027027027027027
cap50,50,1,42001,m2a,M2-A,strat_hmm_pretext_m2a_boundary_a050_t2_k6_topblock1_distill,/workspace/artifacts/seis_ssl_cluster/lithology/f3/facies_benchmark_v1/voxel_label_budget_v1/original_split/datasets/budget=cap50/subsample_seed=1/voxel_supervision,d4d405a2eec7b6912c977a265c497a8aaeaa0a92d84a18e5d94edf148b6e6469,15fb2e8b6dbe05cbee49fefb3c6fe7e31c246d440c98d6d7e0588009e6edb326,4f2ed47315d08d0fab732be112b4cc045b613a172fd44908cc890c92310ee3f3,20128,470136,56ca3f96050433fbad04fe98b29b2cd441a3526e12940b7a9b445a26952f78c1,3bfeb8db8a47420ae7671db90a7e4d6e5a07fceba27648ec76213df3c2b38fd7,0f6c20a5a876ea6fa72cdb12ede190390681bdf2fd34d2b383e46b848deaa2a2,uniform_tiles_with_replacement,440,8dcc659310999f96dcfe2d150573ffe9b4c0de6cdd4fde5536e7d927282a7c4e,3f473084fc682bfa73a9656c335d9409c0cd09ea2c6aa6ea72ed60de94c35cff,8e62afe65636cfdd8d49029721a3646320d0c193ac5aa17f71d6e9e0e5c2739f,286220023dbe014f834ef794fee52708de28ebb260f1e0cb19d24953977101c5,1f7e24f1a68d0020567af2966c4ac1472335c85d59d08526c3a0174bdebdc65b,"[1.0303030014038086,1.0411752462387085,0.9321107864379883,0.9945646524429321,1.0116605758666992,0.9978187680244446]",fb47b0b45259f79dda2cbbef90a72dadb55aac7d57e32307c6b4977f1e78dc3e,0.6373959570919226,0.5047074863024493,0.7352302426206254,0.7694390559327514,0.7837779732607898,0.46808330164679535,0.3187901470062536,0.5279787998338151,0.37526822266601095,0.2485890889545821,0.3490997043805429,1.7567359507313318,0.47080551603370907,0.3078781155504661,0.39056143205858423,0.5337672904800651,0.22788025400665254,0.12859190498942052,0.3675675675675676,0.5081081081081081
cap50,50,2,42002,mae,MAE,amp_mae_m075_mse_g0_patchnorm_clip8_agc65_vis01_v1,/workspace/artifacts/seis_ssl_cluster/lithology/f3/facies_benchmark_v1/voxel_label_budget_v1/original_split/datasets/budget=cap50/subsample_seed=2/voxel_supervision,2917c3e2bea077da26956303a11c555259245afd66f662b06e11b8f02a8b89b0,e5c2f3fbfd8768c039623bfc077eb8d56608d66f40c612318bcb2aafc183e8ea,b7a22050dd9facc76afc3fac5714e8d76e266d2c564b609f933817f080207280,20184,470136,56ca3f96050433fbad04fe98b29b2cd441a3526e12940b7a9b445a26952f78c1,3bfeb8db8a47420ae7671db90a7e4d6e5a07fceba27648ec76213df3c2b38fd7,2685f4710886616954b976b91329f1fd281323735df87c0e37a5db2f8bc02067,uniform_tiles_with_replacement,440,f9bd59b8fba1a632e1cdf81713f517294cef5f15ba17535b28b8476bc8e766be,a3cdad0b7a37eceb81c879d6f342e810d15a5c7ced99015e001eecab6bfb1179,8e62afe65636cfdd8d49029721a3646320d0c193ac5aa17f71d6e9e0e5c2739f,fdd016ffe32209e71d15ab2e296d3f8605dff46693ca8f6a5b8a5cb62258e329,1f7e24f1a68d0020567af2966c4ac1472335c85d59d08526c3a0174bdebdc65b,"[0.9279999732971191,1.0730462074279785,0.9801864624023438,1.0476486682891846,1.0215609073638916,0.9644495248794556]",fb47b0b45259f79dda2cbbef90a72dadb55aac7d57e32307c6b4977f1e78dc3e,0.6580914819107542,0.5276124710145611,0.7112857426649897,0.8036823387275172,0.8148455854702904,0.43130106062073686,0.2834079345385885,0.48992208219466393,0.33573551283131814,0.2402457757296467,0.3343232633555214,1.7159485399224015,0.5152614170486857,0.3470384773220253,0.51586655817738,0.6712774613506917,0.2572531933854837,0.14761363636363636,0.2,0.372972972972973
cap50,50,2,42002,m1,M1,strat_hmm_pretext_m1_k6_topblock1_distill,/workspace/artifacts/seis_ssl_cluster/lithology/f3/facies_benchmark_v1/voxel_label_budget_v1/original_split/datasets/budget=cap50/subsample_seed=2/voxel_supervision,2917c3e2bea077da26956303a11c555259245afd66f662b06e11b8f02a8b89b0,e5c2f3fbfd8768c039623bfc077eb8d56608d66f40c612318bcb2aafc183e8ea,b7a22050dd9facc76afc3fac5714e8d76e266d2c564b609f933817f080207280,20184,470136,56ca3f96050433fbad04fe98b29b2cd441a3526e12940b7a9b445a26952f78c1,3bfeb8db8a47420ae7671db90a7e4d6e5a07fceba27648ec76213df3c2b38fd7,2685f4710886616954b976b91329f1fd281323735df87c0e37a5db2f8bc02067,uniform_tiles_with_replacement,440,f9bd59b8fba1a632e1cdf81713f517294cef5f15ba17535b28b8476bc8e766be,a3cdad0b7a37eceb81c879d6f342e810d15a5c7ced99015e001eecab6bfb1179,8e62afe65636cfdd8d49029721a3646320d0c193ac5aa17f71d6e9e0e5c2739f,fdd016ffe32209e71d15ab2e296d3f8605dff46693ca8f6a5b8a5cb62258e329,1f7e24f1a68d0020567af2966c4ac1472335c85d59d08526c3a0174bdebdc65b,"[0.9279999732971191,1.0730462074279785,0.9801864624023438,1.0476486682891846,1.0215609073638916,0.9644495248794556]",fb47b0b45259f79dda2cbbef90a72dadb55aac7d57e32307c6b4977f1e78dc3e,0.6895804355189498,0.5737808228317197,0.7616147836733173,0.8421563122160396,0.8511493480116409,0.4655846412940141,0.3170836108279123,0.5257034230571981,0.3752015924559584,0.3195340936665858,0.47240960931812664,1.8650092459420589,0.5192709989456596,0.350686046248785,0.31570382424735555,0.4983726606997559,0.2479692176143651,0.14153245485602733,0.24864864864864866,0.3837837837837838
cap50,50,2,42002,m2a,M2-A,strat_hmm_pretext_m2a_boundary_a050_t2_k6_topblock1_distill,/workspace/artifacts/seis_ssl_cluster/lithology/f3/facies_benchmark_v1/voxel_label_budget_v1/original_split/datasets/budget=cap50/subsample_seed=2/voxel_supervision,2917c3e2bea077da26956303a11c555259245afd66f662b06e11b8f02a8b89b0,e5c2f3fbfd8768c039623bfc077eb8d56608d66f40c612318bcb2aafc183e8ea,b7a22050dd9facc76afc3fac5714e8d76e266d2c564b609f933817f080207280,20184,470136,56ca3f96050433fbad04fe98b29b2cd441a3526e12940b7a9b445a26952f78c1,3bfeb8db8a47420ae7671db90a7e4d6e5a07fceba27648ec76213df3c2b38fd7,2685f4710886616954b976b91329f1fd281323735df87c0e37a5db2f8bc02067,uniform_tiles_with_replacement,440,f9bd59b8fba1a632e1cdf81713f517294cef5f15ba17535b28b8476bc8e766be,a3cdad0b7a37eceb81c879d6f342e810d15a5c7ced99015e001eecab6bfb1179,8e62afe65636cfdd8d49029721a3646320d0c193ac5aa17f71d6e9e0e5c2739f,fdd016ffe32209e71d15ab2e296d3f8605dff46693ca8f6a5b8a5cb62258e329,1f7e24f1a68d0020567af2966c4ac1472335c85d59d08526c3a0174bdebdc65b,"[0.9279999732971191,1.0730462074279785,0.9801864624023438,1.0476486682891846,1.0215609073638916,0.9644495248794556]",fb47b0b45259f79dda2cbbef90a72dadb55aac7d57e32307c6b4977f1e78dc3e,0.6621413324826765,0.5407797275118589,0.7683687461304846,0.7974373372811272,0.8189726640396332,0.4514103878525852,0.29994604386872564,0.5123682564261212,0.3565347001801125,0.25419877934690605,0.3864213480643293,1.9418953193451696,0.49111605634459216,0.32548298920513336,0.3209926769731489,0.47843775427176566,0.24211811722912965,0.13773287022418693,0.14054054054054055,0.23243243243243245
cap50,50,3,42003,mae,MAE,amp_mae_m075_mse_g0_patchnorm_clip8_agc65_vis01_v1,/workspace/artifacts/seis_ssl_cluster/lithology/f3/facies_benchmark_v1/voxel_label_budget_v1/original_split/datasets/budget=cap50/subsample_seed=3/voxel_supervision,5803175bef22a11d4b22323d53b05ede1b739ae57988768d5aa3e80bbfcaf68c,10116802c94b3943fe4b8fffefa7dd317fd8ce08e906bfbef174e636f2ccc025,69f73e71a64bdaa1c5434a1b575c22bfc841841e62d8bfd88c3ec891cba2d8df,20192,470136,56ca3f96050433fbad04fe98b29b2cd441a3526e12940b7a9b445a26952f78c1,3bfeb8db8a47420ae7671db90a7e4d6e5a07fceba27648ec76213df3c2b38fd7,19196495f76624a220aef65a234a655353f421d2eaf831ce7a499a68f8a1775c,uniform_tiles_with_replacement,440,b58b5212ad7ed1cf144c5cca5075bfd5906e90ce86e95fc8c545e30a3b61f9cb,00c70d8a3a0c188a95672691acab36e4530e62d58ea100b3606c70bb31cb408f,8e62afe65636cfdd8d49029721a3646320d0c193ac5aa17f71d6e9e0e5c2739f,7132e72cb809a1225c9749d6b2984b0c2a758917ed8558931fee4e6d60b1fe7b,1f7e24f1a68d0020567af2966c4ac1472335c85d59d08526c3a0174bdebdc65b,"[0.9825790524482727,1.0377222299575806,0.9455839395523071,0.9863227605819702,1.028839349746704,1.0253909826278687]",fb47b0b45259f79dda2cbbef90a72dadb55aac7d57e32307c6b4977f1e78dc3e,0.6430307734334676,0.5033670487036759,0.7122464581731806,0.7619561148263482,0.7795031367552218,0.41984960239856955,0.27578294093401695,0.4778088338305584,0.32809749731842197,0.2335165761694378,0.3431924724292604,1.877948113207547,0.43300578239738907,0.2763288961332971,0.3449959316517494,0.515052888527258,0.347476457517723,0.21027020105007044,0.3837837837837838,0.5891891891891892
cap50,50,3,42003,m1,M1,strat_hmm_pretext_m1_k6_topblock1_distill,/workspace/artifacts/seis_ssl_cluster/lithology/f3/facies_benchmark_v1/voxel_label_budget_v1/original_split/datasets/budget=cap50/subsample_seed=3/voxel_supervision,5803175bef22a11d4b22323d53b05ede1b739ae57988768d5aa3e80bbfcaf68c,10116802c94b3943fe4b8fffefa7dd317fd8ce08e906bfbef174e636f2ccc025,69f73e71a64bdaa1c5434a1b575c22bfc841841e62d8bfd88c3ec891cba2d8df,20192,470136,56ca3f96050433fbad04fe98b29b2cd441a3526e12940b7a9b445a26952f78c1,3bfeb8db8a47420ae7671db90a7e4d6e5a07fceba27648ec76213df3c2b38fd7,19196495f76624a220aef65a234a655353f421d2eaf831ce7a499a68f8a1775c,uniform_tiles_with_replacement,440,b58b5212ad7ed1cf144c5cca5075bfd5906e90ce86e95fc8c545e30a3b61f9cb,00c70d8a3a0c188a95672691acab36e4530e62d58ea100b3606c70bb31cb408f,8e62afe65636cfdd8d49029721a3646320d0c193ac5aa17f71d6e9e0e5c2739f,7132e72cb809a1225c9749d6b2984b0c2a758917ed8558931fee4e6d60b1fe7b,1f7e24f1a68d0020567af2966c4ac1472335c85d59d08526c3a0174bdebdc65b,"[0.9825790524482727,1.0377222299575806,0.9455839395523071,0.9863227605819702,1.028839349746704,1.0253909826278687]",fb47b0b45259f79dda2cbbef90a72dadb55aac7d57e32307c6b4977f1e78dc3e,0.6872062982620971,0.5639234685390518,0.7643664620960351,0.819518181972876,0.834936529520176,0.4467513229924442,0.30211421586309845,0.5066167695175784,0.3580925172416189,0.2633541413548955,0.3952406887594788,1.9158363366546534,0.487612563145179,0.3224124660538201,0.28356387306753456,0.4597233523189585,0.35803587606450443,0.2180534098433017,0.3675675675675676,0.5405405405405406
cap50,50,3,42003,m2a,M2-A,strat_hmm_pretext_m2a_boundary_a050_t2_k6_topblock1_distill,/workspace/artifacts/seis_ssl_cluster/lithology/f3/facies_benchmark_v1/voxel_label_budget_v1/original_split/datasets/budget=cap50/subsample_seed=3/voxel_supervision,5803175bef22a11d4b22323d53b05ede1b739ae57988768d5aa3e80bbfcaf68c,10116802c94b3943fe4b8fffefa7dd317fd8ce08e906bfbef174e636f2ccc025,69f73e71a64bdaa1c5434a1b575c22bfc841841e62d8bfd88c3ec891cba2d8df,20192,470136,56ca3f96050433fbad04fe98b29b2cd441a3526e12940b7a9b445a26952f78c1,3bfeb8db8a47420ae7671db90a7e4d6e5a07fceba27648ec76213df3c2b38fd7,19196495f76624a220aef65a234a655353f421d2eaf831ce7a499a68f8a1775c,uniform_tiles_with_replacement,440,b58b5212ad7ed1cf144c5cca5075bfd5906e90ce86e95fc8c545e30a3b61f9cb,00c70d8a3a0c188a95672691acab36e4530e62d58ea100b3606c70bb31cb408f,8e62afe65636cfdd8d49029721a3646320d0c193ac5aa17f71d6e9e0e5c2739f,7132e72cb809a1225c9749d6b2984b0c2a758917ed8558931fee4e6d60b1fe7b,1f7e24f1a68d0020567af2966c4ac1472335c85d59d08526c3a0174bdebdc65b,"[0.9825790524482727,1.0377222299575806,0.9455839395523071,0.9863227605819702,1.028839349746704,1.0253909826278687]",fb47b0b45259f79dda2cbbef90a72dadb55aac7d57e32307c6b4977f1e78dc3e,0.677860253615321,0.5391518897826498,0.7685971633651016,0.7825756802286998,0.7955250856969347,0.44554484372964615,0.301891521451022,0.5050819259934387,0.35554176612005395,0.2334816340037504,0.341508254586903,1.822997416020672,0.508257499157398,0.34071396294622686,0.338079739625712,0.5056956875508544,0.3889776357827476,0.24144769459593457,0.2648648648648649,0.3945945945945946
cap50,50,4,42004,mae,MAE,amp_mae_m075_mse_g0_patchnorm_clip8_agc65_vis01_v1,/workspace/artifacts/seis_ssl_cluster/lithology/f3/facies_benchmark_v1/voxel_label_budget_v1/original_split/datasets/budget=cap50/subsample_seed=4/voxel_supervision,97c706fded9e5a93c382cbe2831ba121efa927e1bdee47996297863cff48ca4b,1145582b0586c502bc29810abb0486ded069eadd4400e127b5a5c78429fe112f,37ef1d7da36ac68f6f6464df6e89ee2bed19a75c6af6f3db6b1e81d15e9d6849,19904,470136,56ca3f96050433fbad04fe98b29b2cd441a3526e12940b7a9b445a26952f78c1,3bfeb8db8a47420ae7671db90a7e4d6e5a07fceba27648ec76213df3c2b38fd7,43b7946aacd6ee882d523f717f81031c848bcf9f54c0768bb4e124ece8aacbd9,uniform_tiles_with_replacement,440,6f1bc39f901aca8af80f586b94a2ebcb98be6af757bcd2daa560613ffa7c5e52,bc4237b5eb99e724891287a83ac97e7a96cb725e733cca1aca81c2dae54c9c0d,8e62afe65636cfdd8d49029721a3646320d0c193ac5aa17f71d6e9e0e5c2739f,bfe40af01f4013aba14ab450294e249061cf5054e7e752c069e0090ec921d526,1f7e24f1a68d0020567af2966c4ac1472335c85d59d08526c3a0174bdebdc65b,"[0.9884783625602722,1.030227780342102,0.9858345985412598,1.0022155046463013,1.005252480506897,0.9893627762794495]",fb47b0b45259f79dda2cbbef90a72dadb55aac7d57e32307c6b4977f1e78dc3e,0.6742264556672893,0.5257100892421186,0.770242459082637,0.7739526434903943,0.7817392608304746,0.4529687542105596,0.2997293327291258,0.5202239107950406,0.35956196695275705,0.23590069569516545,0.3450224246918812,1.843193449334698,0.5447901766113842,0.3743722505547553,0.41822620016273393,0.5720097640358015,0.4333638558228586,0.27662061636556856,0.32972972972972975,0.4864864864864865
cap50,50,4,42004,m1,M1,strat_hmm_pretext_m1_k6_topblock1_distill,/workspace/artifacts/seis_ssl_cluster/lithology/f3/facies_benchmark_v1/voxel_label_budget_v1/original_split/datasets/budget=cap50/subsample_seed=4/voxel_supervision,97c706fded9e5a93c382cbe2831ba121efa927e1bdee47996297863cff48ca4b,1145582b0586c502bc29810abb0486ded069eadd4400e127b5a5c78429fe112f,37ef1d7da36ac68f6f6464df6e89ee2bed19a75c6af6f3db6b1e81d15e9d6849,19904,470136,56ca3f96050433fbad04fe98b29b2cd441a3526e12940b7a9b445a26952f78c1,3bfeb8db8a47420ae7671db90a7e4d6e5a07fceba27648ec76213df3c2b38fd7,43b7946aacd6ee882d523f717f81031c848bcf9f54c0768bb4e124ece8aacbd9,uniform_tiles_with_replacement,440,6f1bc39f901aca8af80f586b94a2ebcb98be6af757bcd2daa560613ffa7c5e52,bc4237b5eb99e724891287a83ac97e7a96cb725e733cca1aca81c2dae54c9c0d,8e62afe65636cfdd8d49029721a3646320d0c193ac5aa17f71d6e9e0e5c2739f,bfe40af01f4013aba14ab450294e249061cf5054e7e752c069e0090ec921d526,1f7e24f1a68d0020567af2966c4ac1472335c85d59d08526c3a0174bdebdc65b,"[0.9884783625602722,1.030227780342102,0.9858345985412598,1.0022155046463013,1.005252480506897,0.9893627762794495]",fb47b0b45259f79dda2cbbef90a72dadb55aac7d57e32307c6b4977f1e78dc3e,0.6782251951780057,0.5480476438341978,0.7412880221461823,0.8177633705991458,0.8241004996832121,0.45963366157667657,0.3076827822715797,0.5244815605333838,0.3683916026488469,0.2764093238551827,0.40734005620763764,1.8553165584415585,0.5524929600795097,0.38168585356922163,0.36859235150528885,0.5447518307567127,0.34083700781310433,0.20542707944796718,0.34594594594594597,0.5243243243243243
cap50,50,4,42004,m2a,M2-A,strat_hmm_pretext_m2a_boundary_a050_t2_k6_topblock1_distill,/workspace/artifacts/seis_ssl_cluster/lithology/f3/facies_benchmark_v1/voxel_label_budget_v1/original_split/datasets/budget=cap50/subsample_seed=4/voxel_supervision,97c706fded9e5a93c382cbe2831ba121efa927e1bdee47996297863cff48ca4b,1145582b0586c502bc29810abb0486ded069eadd4400e127b5a5c78429fe112f,37ef1d7da36ac68f6f6464df6e89ee2bed19a75c6af6f3db6b1e81d15e9d6849,19904,470136,56ca3f96050433fbad04fe98b29b2cd441a3526e12940b7a9b445a26952f78c1,3bfeb8db8a47420ae7671db90a7e4d6e5a07fceba27648ec76213df3c2b38fd7,43b7946aacd6ee882d523f717f81031c848bcf9f54c0768bb4e124ece8aacbd9,uniform_tiles_with_replacement,440,6f1bc39f901aca8af80f586b94a2ebcb98be6af757bcd2daa560613ffa7c5e52,bc4237b5eb99e724891287a83ac97e7a96cb725e733cca1aca81c2dae54c9c0d,8e62afe65636cfdd8d49029721a3646320d0c193ac5aa17f71d6e9e0e5c2739f,bfe40af01f4013aba14ab450294e249061cf5054e7e752c069e0090ec921d526,1f7e24f1a68d0020567af2966c4ac1472335c85d59d08526c3a0174bdebdc65b,"[0.9884783625602722,1.030227780342102,0.9858345985412598,1.0022155046463013,1.005252480506897,0.9893627762794495]",fb47b0b45259f79dda2cbbef90a72dadb55aac7d57e32307c6b4977f1e78dc3e,0.6598225835216945,0.526828261375994,0.7685097942149351,0.7928641924889819,0.8053523594336994,0.4474603686663993,0.2978486213834542,0.5114744995960968,0.3566545464290611,0.23253577900225583,0.3428867275618505,1.8528904227782572,0.5390228521666016,0.3689468058867056,0.33482506102522375,0.49104963384865746,0.31857689187623134,0.18946860569301813,0.31351351351351353,0.5027027027027027
cap100,100,0,42000,mae,MAE,amp_mae_m075_mse_g0_patchnorm_clip8_agc65_vis01_v1,/workspace/artifacts/seis_ssl_cluster/lithology/f3/facies_benchmark_v1/voxel_label_budget_v1/original_split/datasets/budget=cap100/subsample_seed=0/voxel_supervision,23a24e715ab3ce6c83d729fe2363d5992e2934d8a2206214ad984185abfb5cbb,02e81d8bc3eda96fb92ad57a00f0d5054cfa49c7cde0b97ff70354d9c5137a61,53cb0dfa6db023d370763f541b47cf5df5226c426de2e6a55d146553fbd10eee,40504,470136,56ca3f96050433fbad04fe98b29b2cd441a3526e12940b7a9b445a26952f78c1,3bfeb8db8a47420ae7671db90a7e4d6e5a07fceba27648ec76213df3c2b38fd7,b3d59424338848e580272b30661015ad2beb8d5891a191aba25d95d45489fbd6,uniform_tiles_with_replacement,440,1aa08564dcfa1a9e3b04397e4feec448422b6352b4c2a0abf01c802261bae5d9,9d0028f599b857fa2bc49b42b66d11d3d6b7814fcd0a34d179df98d66abc6920,8e62afe65636cfdd8d49029721a3646320d0c193ac5aa17f71d6e9e0e5c2739f,fbb3623fb7b890a2fad4424bf6bc70756fe912a5affcc0c89a2355f4842dd159,1f7e24f1a68d0020567af2966c4ac1472335c85d59d08526c3a0174bdebdc65b,"[0.954157829284668,1.014985203742981,0.980061948299408,1.0377658605575562,1.0032198429107666,1.0142227411270142]",fb47b0b45259f79dda2cbbef90a72dadb55aac7d57e32307c6b4977f1e78dc3e,0.7196349033091676,0.6028229468290695,0.7840613993549828,0.8636118059455137,0.8693441448098663,0.4937373161007908,0.34136011601474436,0.5622396392455143,0.40966890327842914,0.35957664098041037,0.4905765481385201,1.6883043149129446,0.5500653025685677,0.3793724665966071,0.31733116354759966,0.4487388120423108,0.3478801270542743,0.21056591156064533,0.24324324324324326,0.4540540540540541
cap100,100,0,42000,m1,M1,strat_hmm_pretext_m1_k6_topblock1_distill,/workspace/artifacts/seis_ssl_cluster/lithology/f3/facies_benchmark_v1/voxel_label_budget_v1/original_split/datasets/budget=cap100/subsample_seed=0/voxel_supervision,23a24e715ab3ce6c83d729fe2363d5992e2934d8a2206214ad984185abfb5cbb,02e81d8bc3eda96fb92ad57a00f0d5054cfa49c7cde0b97ff70354d9c5137a61,53cb0dfa6db023d370763f541b47cf5df5226c426de2e6a55d146553fbd10eee,40504,470136,56ca3f96050433fbad04fe98b29b2cd441a3526e12940b7a9b445a26952f78c1,3bfeb8db8a47420ae7671db90a7e4d6e5a07fceba27648ec76213df3c2b38fd7,b3d59424338848e580272b30661015ad2beb8d5891a191aba25d95d45489fbd6,uniform_tiles_with_replacement,440,1aa08564dcfa1a9e3b04397e4feec448422b6352b4c2a0abf01c802261bae5d9,9d0028f599b857fa2bc49b42b66d11d3d6b7814fcd0a34d179df98d66abc6920,8e62afe65636cfdd8d49029721a3646320d0c193ac5aa17f71d6e9e0e5c2739f,fbb3623fb7b890a2fad4424bf6bc70756fe912a5affcc0c89a2355f4842dd159,1f7e24f1a68d0020567af2966c4ac1472335c85d59d08526c3a0174bdebdc65b,"[0.954157829284668,1.014985203742981,0.980061948299408,1.0377658605575562,1.0032198429107666,1.0142227411270142]",fb47b0b45259f79dda2cbbef90a72dadb55aac7d57e32307c6b4977f1e78dc3e,0.7167831647578621,0.5966807517430165,0.8017390428939999,0.850117838242551,0.8555983742380112,0.4906045693355472,0.33598099667998366,0.5630968823886288,0.4075079062418216,0.33961107217939734,0.4670637701471619,1.721867966991748,0.4935859009711066,0.32765618782331873,0.3132628152969894,0.451586655817738,0.41420279959030387,0.26119531519118155,0.21621621621621623,0.33513513513513515
cap100,100,0,42000,m2a,M2-A,strat_hmm_pretext_m2a_boundary_a050_t2_k6_topblock1_distill,/workspace/artifacts/seis_ssl_cluster/lithology/f3/facies_benchmark_v1/voxel_label_budget_v1/original_split/datasets/budget=cap100/subsample_seed=0/voxel_supervision,23a24e715ab3ce6c83d729fe2363d5992e2934d8a2206214ad984185abfb5cbb,02e81d8bc3eda96fb92ad57a00f0d5054cfa49c7cde0b97ff70354d9c5137a61,53cb0dfa6db023d370763f541b47cf5df5226c426de2e6a55d146553fbd10eee,40504,470136,56ca3f96050433fbad04fe98b29b2cd441a3526e12940b7a9b445a26952f78c1,3bfeb8db8a47420ae7671db90a7e4d6e5a07fceba27648ec76213df3c2b38fd7,b3d59424338848e580272b30661015ad2beb8d5891a191aba25d95d45489fbd6,uniform_tiles_with_replacement,440,1aa08564dcfa1a9e3b04397e4feec448422b6352b4c2a0abf01c802261bae5d9,9d0028f599b857fa2bc49b42b66d11d3d6b7814fcd0a34d179df98d66abc6920,8e62afe65636cfdd8d49029721a3646320d0c193ac5aa17f71d6e9e0e5c2739f,fbb3623fb7b890a2fad4424bf6bc70756fe912a5affcc0c89a2355f4842dd159,1f7e24f1a68d0020567af2966c4ac1472335c85d59d08526c3a0174bdebdc65b,"[0.954157829284668,1.014985203742981,0.980061948299408,1.0377658605575562,1.0032198429107666,1.0142227411270142]",fb47b0b45259f79dda2cbbef90a72dadb55aac7d57e32307c6b4977f1e78dc3e,0.7256207353116167,0.6100552476817779,0.8259758742308848,0.8620314121871118,0.8706796152131833,0.5080737243131309,0.35649511619543445,0.5736329515919104,0.42276008900935325,0.37476490309919047,0.4764903099190449,1.4949373605628968,0.5330090226305323,0.3633349017499048,0.5122050447518307,0.6545972335231895,0.3788980070339977,0.23372866647382123,0.14594594594594595,0.24324324324324326
cap100,100,1,42001,mae,MAE,amp_mae_m075_mse_g0_patchnorm_clip8_agc65_vis01_v1,/workspace/artifacts/seis_ssl_cluster/lithology/f3/facies_benchmark_v1/voxel_label_budget_v1/original_split/datasets/budget=cap100/subsample_seed=1/voxel_supervision,14c4fdfe83a1af3168e8b8901b8bc51bb24075da24fff382166311954914894e,5174cc1e838694fcf1e3d84dec1c68150f5b43c44c023e7b390b7230b632e049,1f5586e90fe98c968c1db936c172f6aa04d5f932fe41b1f6366b10c22f02a7bf,40320,470136,56ca3f96050433fbad04fe98b29b2cd441a3526e12940b7a9b445a26952f78c1,3bfeb8db8a47420ae7671db90a7e4d6e5a07fceba27648ec76213df3c2b38fd7,0f6c20a5a876ea6fa72cdb12ede190390681bdf2fd34d2b383e46b848deaa2a2,uniform_tiles_with_replacement,440,d16d0df5105cf606cd6edfc4b050010111a53ad75837889d30d19d533c61c4bd,c88645452f149896b73bd9ccf601387699e204c9b3a6e91181cd5fe260d6e0ca,8e62afe65636cfdd8d49029721a3646320d0c193ac5aa17f71d6e9e0e5c2739f,c34c83b28d37f9a6322aefe258db2e6d55ca1087f202f187b3f1e8f65e3a7d56,1f7e24f1a68d0020567af2966c4ac1472335c85d59d08526c3a0174bdebdc65b,"[0.9886714816093445,1.0425069332122803,0.9322974681854248,1.0240780115127563,1.0041841268539429,1.0158730745315552]",fb47b0b45259f79dda2cbbef90a72dadb55aac7d57e32307c6b4977f1e78dc3e,0.6968579326204618,0.5752947704741674,0.7637722623826408,0.8314317559174367,0.8440422735546028,0.4578429563582534,0.307987126269469,0.5292115131987739,0.375177821026305,0.31126891537746215,0.4335954011328092,1.765646324819653,0.5364156166722723,0.3665081581785077,0.4825061025223759,0.6684296175752644,0.3008047359171214,0.17702776265650516,0.24864864864864866,0.34594594594594597
cap100,100,1,42001,m1,M1,strat_hmm_pretext_m1_k6_topblock1_distill,/workspace/artifacts/seis_ssl_cluster/lithology/f3/facies_benchmark_v1/voxel_label_budget_v1/original_split/datasets/budget=cap100/subsample_seed=1/voxel_supervision,14c4fdfe83a1af3168e8b8901b8bc51bb24075da24fff382166311954914894e,5174cc1e838694fcf1e3d84dec1c68150f5b43c44c023e7b390b7230b632e049,1f5586e90fe98c968c1db936c172f6aa04d5f932fe41b1f6366b10c22f02a7bf,40320,470136,56ca3f96050433fbad04fe98b29b2cd441a3526e12940b7a9b445a26952f78c1,3bfeb8db8a47420ae7671db90a7e4d6e5a07fceba27648ec76213df3c2b38fd7,0f6c20a5a876ea6fa72cdb12ede190390681bdf2fd34d2b383e46b848deaa2a2,uniform_tiles_with_replacement,440,d16d0df5105cf606cd6edfc4b050010111a53ad75837889d30d19d533c61c4bd,c88645452f149896b73bd9ccf601387699e204c9b3a6e91181cd5fe260d6e0ca,8e62afe65636cfdd8d49029721a3646320d0c193ac5aa17f71d6e9e0e5c2739f,c34c83b28d37f9a6322aefe258db2e6d55ca1087f202f187b3f1e8f65e3a7d56,1f7e24f1a68d0020567af2966c4ac1472335c85d59d08526c3a0174bdebdc65b,"[0.9886714816093445,1.0425069332122803,0.9322974681854248,1.0240780115127563,1.0041841268539429,1.0158730745315552]",fb47b0b45259f79dda2cbbef90a72dadb55aac7d57e32307c6b4977f1e78dc3e,0.6995176656812747,0.5760737308793279,0.7954518907916671,0.8253101230282301,0.8396215018543032,0.47284763634663934,0.32151523963962075,0.5425697408556232,0.38906891958901607,0.31527212665672966,0.4268621842645933,1.7072480181200453,0.4953643483795976,0.32922544926150055,0.4918633034987795,0.661106590724166,0.36867268725810126,0.22599553405284703,0.23243243243243245,0.34594594594594597
cap100,100,1,42001,m2a,M2-A,strat_hmm_pretext_m2a_boundary_a050_t2_k6_topblock1_distill,/workspace/artifacts/seis_ssl_cluster/lithology/f3/facies_benchmark_v1/voxel_label_budget_v1/original_split/datasets/budget=cap100/subsample_seed=1/voxel_supervision,14c4fdfe83a1af3168e8b8901b8bc51bb24075da24fff382166311954914894e,5174cc1e838694fcf1e3d84dec1c68150f5b43c44c023e7b390b7230b632e049,1f5586e90fe98c968c1db936c172f6aa04d5f932fe41b1f6366b10c22f02a7bf,40320,470136,56ca3f96050433fbad04fe98b29b2cd441a3526e12940b7a9b445a26952f78c1,3bfeb8db8a47420ae7671db90a7e4d6e5a07fceba27648ec76213df3c2b38fd7,0f6c20a5a876ea6fa72cdb12ede190390681bdf2fd34d2b383e46b848deaa2a2,uniform_tiles_with_replacement,440,d16d0df5105cf606cd6edfc4b050010111a53ad75837889d30d19d533c61c4bd,c88645452f149896b73bd9ccf601387699e204c9b3a6e91181cd5fe260d6e0ca,8e62afe65636cfdd8d49029721a3646320d0c193ac5aa17f71d6e9e0e5c2739f,c34c83b28d37f9a6322aefe258db2e6d55ca1087f202f187b3f1e8f65e3a7d56,1f7e24f1a68d0020567af2966c4ac1472335c85d59d08526c3a0174bdebdc65b,"[0.9886714816093445,1.0425069332122803,0.9322974681854248,1.0240780115127563,1.0041841268539429,1.0158730745315552]",fb47b0b45259f79dda2cbbef90a72dadb55aac7d57e32307c6b4977f1e78dc3e,0.7045425885569291,0.5845469064201524,0.7977465663090139,0.8309446628209709,0.8455420311742012,0.47651918967864426,0.32716692897023997,0.5420210728655024,0.39178018065886017,0.32981783317353786,0.4566373224091345,1.7593052109181142,0.5408932154269154,0.3707015971316819,0.500406834825061,0.6513425549227014,0.3707997065297139,0.22759614518598578,0.16756756756756758,0.2648648648648649
cap100,100,2,42002,mae,MAE,amp_mae_m075_mse_g0_patchnorm_clip8_agc65_vis01_v1,/workspace/artifacts/seis_ssl_cluster/lithology/f3/facies_benchmark_v1/voxel_label_budget_v1/original_split/datasets/budget=cap100/subsample_seed=2/voxel_supervision,12a37b68c6afb085d57969ed510b38d47d1bcc895e074b8a8d45f540dfb53cdf,7581b51326f8de81a2cc0cd0b83507331b546649a63c1f4b1ad48fec16db9674,87e11b5e4e7f187a4e278384fbe9139d0cdb1fb1cade64a5cd74a0dc6f95cc02,40520,470136,56ca3f96050433fbad04fe98b29b2cd441a3526e12940b7a9b445a26952f78c1,3bfeb8db8a47420ae7671db90a7e4d6e5a07fceba27648ec76213df3c2b38fd7,2685f4710886616954b976b91329f1fd281323735df87c0e37a5db2f8bc02067,uniform_tiles_with_replacement,440,030c8aac43996fc4e1ab3b3fd96400204e1442a9ec1a0532ab52b9d3173b2221,ca1f74e8284ac0799e1a98fff00be0eff3abdc445afa7ec3e23e6209c11c6d48,8e62afe65636cfdd8d49029721a3646320d0c193ac5aa17f71d6e9e0e5c2739f,c8af96e1b65dfae901a338e64694cf53b89b55aa321a311f0f70f4b28ec98965,1f7e24f1a68d0020567af2966c4ac1472335c85d59d08526c3a0174bdebdc65b,"[0.9969491362571716,1.027122974395752,0.9797378778457642,0.994892954826355,1.009617805480957,0.9929912090301514]",fb47b0b45259f79dda2cbbef90a72dadb55aac7d57e32307c6b4977f1e78dc3e,0.7108649981325645,0.577694032499077,0.7748335598747422,0.823750999710722,0.8334716830046927,0.5215492636554341,0.3617694492912766,0.5887681145519464,0.42983417607075686,0.29588117725437946,0.4137633734373163,1.753362379238492,0.5819081293533849,0.41034586079958907,0.51586655817738,0.6757526444263628,0.4200433740440589,0.26585753503828924,0.15675675675675677,0.2648648648648649
cap100,100,2,42002,m1,M1,strat_hmm_pretext_m1_k6_topblock1_distill,/workspace/artifacts/seis_ssl_cluster/lithology/f3/facies_benchmark_v1/voxel_label_budget_v1/original_split/datasets/budget=cap100/subsample_seed=2/voxel_supervision,12a37b68c6afb085d57969ed510b38d47d1bcc895e074b8a8d45f540dfb53cdf,7581b51326f8de81a2cc0cd0b83507331b546649a63c1f4b1ad48fec16db9674,87e11b5e4e7f187a4e278384fbe9139d0cdb1fb1cade64a5cd74a0dc6f95cc02,40520,470136,56ca3f96050433fbad04fe98b29b2cd441a3526e12940b7a9b445a26952f78c1,3bfeb8db8a47420ae7671db90a7e4d6e5a07fceba27648ec76213df3c2b38fd7,2685f4710886616954b976b91329f1fd281323735df87c0e37a5db2f8bc02067,uniform_tiles_with_replacement,440,030c8aac43996fc4e1ab3b3fd96400204e1442a9ec1a0532ab52b9d3173b2221,ca1f74e8284ac0799e1a98fff00be0eff3abdc445afa7ec3e23e6209c11c6d48,8e62afe65636cfdd8d49029721a3646320d0c193ac5aa17f71d6e9e0e5c2739f,c8af96e1b65dfae901a338e64694cf53b89b55aa321a311f0f70f4b28ec98965,1f7e24f1a68d0020567af2966c4ac1472335c85d59d08526c3a0174bdebdc65b,"[0.9969491362571716,1.027122974395752,0.9797378778457642,0.994892954826355,1.009617805480957,0.9929912090301514]",fb47b0b45259f79dda2cbbef90a72dadb55aac7d57e32307c6b4977f1e78dc3e,0.7341723024567465,0.6091906811809834,0.8200845549692896,0.8425881021661817,0.852487671532476,0.520114822795643,0.3612969379684075,0.5999287420113487,0.4410141782244081,0.3255006562513231,0.4586138278504594,1.785635155096012,0.5715990818668707,0.4001671201765475,0.43978844589096827,0.5992676973148902,0.46101382488479264,0.2995568331536711,0.1783783783783784,0.33513513513513515
cap100,100,2,42002,m2a,M2-A,strat_hmm_pretext_m2a_boundary_a050_t2_k6_topblock1_distill,/workspace/artifacts/seis_ssl_cluster/lithology/f3/facies_benchmark_v1/voxel_label_budget_v1/original_split/datasets/budget=cap100/subsample_seed=2/voxel_supervision,12a37b68c6afb085d57969ed510b38d47d1bcc895e074b8a8d45f540dfb53cdf,7581b51326f8de81a2cc0cd0b83507331b546649a63c1f4b1ad48fec16db9674,87e11b5e4e7f187a4e278384fbe9139d0cdb1fb1cade64a5cd74a0dc6f95cc02,40520,470136,56ca3f96050433fbad04fe98b29b2cd441a3526e12940b7a9b445a26952f78c1,3bfeb8db8a47420ae7671db90a7e4d6e5a07fceba27648ec76213df3c2b38fd7,2685f4710886616954b976b91329f1fd281323735df87c0e37a5db2f8bc02067,uniform_tiles_with_replacement,440,030c8aac43996fc4e1ab3b3fd96400204e1442a9ec1a0532ab52b9d3173b2221,ca1f74e8284ac0799e1a98fff00be0eff3abdc445afa7ec3e23e6209c11c6d48,8e62afe65636cfdd8d49029721a3646320d0c193ac5aa17f71d6e9e0e5c2739f,c8af96e1b65dfae901a338e64694cf53b89b55aa321a311f0f70f4b28ec98965,1f7e24f1a68d0020567af2966c4ac1472335c85d59d08526c3a0174bdebdc65b,"[0.9969491362571716,1.027122974395752,0.9797378778457642,0.994892954826355,1.009617805480957,0.9929912090301514]",fb47b0b45259f79dda2cbbef90a72dadb55aac7d57e32307c6b4977f1e78dc3e,0.7403989343910324,0.6177579466167425,0.8092778546642784,0.8553971616723671,0.8615294407293574,0.5318619399893442,0.3743711057077747,0.597052249057343,0.4383295342666014,0.31826717323900605,0.46141752914974454,1.8498958924853304,0.551397410800941,0.3806409120846676,0.4422294548413344,0.6061838893409276,0.4770521157289605,0.31324257425742574,0.21081081081081082,0.3081081081081081
cap100,100,3,42003,mae,MAE,amp_mae_m075_mse_g0_patchnorm_clip8_agc65_vis01_v1,/workspace/artifacts/seis_ssl_cluster/lithology/f3/facies_benchmark_v1/voxel_label_budget_v1/original_split/datasets/budget=cap100/subsample_seed=3/voxel_supervision,c22f466bd6ea2bb3276e4ca1684360095fd6d09ee622b8a00e3707e98984c76b,89c28eaf7bd853ef5f2d9d3e7b88d568c4ca5c28c62e2126af4d51dba83cb9a7,cc2c8a4af74839e7671ee743599cc0c48b39e4a134f9f05910e5ee9b13951afd,40672,470136,56ca3f96050433fbad04fe98b29b2cd441a3526e12940b7a9b445a26952f78c1,3bfeb8db8a47420ae7671db90a7e4d6e5a07fceba27648ec76213df3c2b38fd7,19196495f76624a220aef65a234a655353f421d2eaf831ce7a499a68f8a1775c,uniform_tiles_with_replacement,440,ddd12c9940bb34c2a4f859e762d04a8b30b985463260d61ad4d881d9915563b7,5c705294a1d682e9a41626f5e9ec7cd3043b3d6aa203d2a023692f231fc6c58f,8e62afe65636cfdd8d49029721a3646320d0c193ac5aa17f71d6e9e0e5c2739f,81368a1370c6eedb784667c07b2e902bdadf2520b8416aa73b7d47e1946933da,1f7e24f1a68d0020567af2966c4ac1472335c85d59d08526c3a0174bdebdc65b,"[0.9609677791595459,1.042551040649414,0.9638371467590332,1.0169017314910889,1.0305057764053345,0.991178035736084]",fb47b0b45259f79dda2cbbef90a72dadb55aac7d57e32307c6b4977f1e78dc3e,0.7221617258403202,0.5923890193159522,0.805758179737706,0.8392571511222284,0.8476030985912376,0.49760688695507893,0.34326953586798115,0.5587565627791587,0.402368987225596,0.2933879222108495,0.42718526100307064,1.8156028368794326,0.5717332103799547,0.4002986098500898,0.46745321399511797,0.6684296175752644,0.46892504667911444,0.30627177700348435,0.2,0.3567567567567568
cap100,100,3,42003,m1,M1,strat_hmm_pretext_m1_k6_topblock1_distill,/workspace/artifacts/seis_ssl_cluster/lithology/f3/facies_benchmark_v1/voxel_label_budget_v1/original_split/datasets/budget=cap100/subsample_seed=3/voxel_supervision,c22f466bd6ea2bb3276e4ca1684360095fd6d09ee622b8a00e3707e98984c76b,89c28eaf7bd853ef5f2d9d3e7b88d568c4ca5c28c62e2126af4d51dba83cb9a7,cc2c8a4af74839e7671ee743599cc0c48b39e4a134f9f05910e5ee9b13951afd,40672,470136,56ca3f96050433fbad04fe98b29b2cd441a3526e12940b7a9b445a26952f78c1,3bfeb8db8a47420ae7671db90a7e4d6e5a07fceba27648ec76213df3c2b38fd7,19196495f76624a220aef65a234a655353f421d2eaf831ce7a499a68f8a1775c,uniform_tiles_with_replacement,440,ddd12c9940bb34c2a4f859e762d04a8b30b985463260d61ad4d881d9915563b7,5c705294a1d682e9a41626f5e9ec7cd3043b3d6aa203d2a023692f231fc6c58f,8e62afe65636cfdd8d49029721a3646320d0c193ac5aa17f71d6e9e0e5c2739f,81368a1370c6eedb784667c07b2e902bdadf2520b8416aa73b7d47e1946933da,1f7e24f1a68d0020567af2966c4ac1472335c85d59d08526c3a0174bdebdc65b,"[0.9609677791595459,1.042551040649414,0.9638371467590332,1.0169017314910889,1.0305057764053345,0.991178035736084]",fb47b0b45259f79dda2cbbef90a72dadb55aac7d57e32307c6b4977f1e78dc3e,0.7349684983685273,0.6118526981964381,0.7885504246604196,0.8525405414603434,0.8605838097470663,0.5068352013427038,0.3491048180405473,0.5742400790674596,0.41657568626775804,0.3161390101892285,0.4575145560407569,1.8190495128256114,0.5972418254528347,0.4257624986898648,0.3938161106590724,0.5512611879576892,0.42130987292277616,0.26687306501547986,0.3027027027027027,0.43783783783783786
cap100,100,3,42003,m2a,M2-A,strat_hmm_pretext_m2a_boundary_a050_t2_k6_topblock1_distill,/workspace/artifacts/seis_ssl_cluster/lithology/f3/facies_benchmark_v1/voxel_label_budget_v1/original_split/datasets/budget=cap100/subsample_seed=3/voxel_supervision,c22f466bd6ea2bb3276e4ca1684360095fd6d09ee622b8a00e3707e98984c76b,89c28eaf7bd853ef5f2d9d3e7b88d568c4ca5c28c62e2126af4d51dba83cb9a7,cc2c8a4af74839e7671ee743599cc0c48b39e4a134f9f05910e5ee9b13951afd,40672,470136,56ca3f96050433fbad04fe98b29b2cd441a3526e12940b7a9b445a26952f78c1,3bfeb8db8a47420ae7671db90a7e4d6e5a07fceba27648ec76213df3c2b38fd7,19196495f76624a220aef65a234a655353f421d2eaf831ce7a499a68f8a1775c,uniform_tiles_with_replacement,440,ddd12c9940bb34c2a4f859e762d04a8b30b985463260d61ad4d881d9915563b7,5c705294a1d682e9a41626f5e9ec7cd3043b3d6aa203d2a023692f231fc6c58f,8e62afe65636cfdd8d49029721a3646320d0c193ac5aa17f71d6e9e0e5c2739f,81368a1370c6eedb784667c07b2e902bdadf2520b8416aa73b7d47e1946933da,1f7e24f1a68d0020567af2966c4ac1472335c85d59d08526c3a0174bdebdc65b,"[0.9609677791595459,1.042551040649414,0.9638371467590332,1.0169017314910889,1.0305057764053345,0.991178035736084]",fb47b0b45259f79dda2cbbef90a72dadb55aac7d57e32307c6b4977f1e78dc3e,0.7517709387968733,0.6270706422634653,0.8337301820676785,0.8665301104361292,0.8723329502330557,0.5117819207138665,0.35757686542613865,0.5717156645368281,0.41671592632243765,0.3450442730648386,0.49538227173188615,1.7868537382279455,0.610269617472027,0.4391280676773599,0.42148087876322216,0.5931651749389748,0.49879055801151057,0.33225913990443384,0.24324324324324326,0.3891891891891892
cap100,100,4,42004,mae,MAE,amp_mae_m075_mse_g0_patchnorm_clip8_agc65_vis01_v1,/workspace/artifacts/seis_ssl_cluster/lithology/f3/facies_benchmark_v1/voxel_label_budget_v1/original_split/datasets/budget=cap100/subsample_seed=4/voxel_supervision,6d6503665d7aca5b514e710ee1d74be4b4c1d17fab032bfbf4fe093208163b5d,8122c98b6ed73066587e88840d50441e0e67952e182240cc56470b3ab7077492,f9ef554e8c4f2f2df77902bedc19bf573190d61faf73c36287343ba3d5eb8fa9,40616,470136,56ca3f96050433fbad04fe98b29b2cd441a3526e12940b7a9b445a26952f78c1,3bfeb8db8a47420ae7671db90a7e4d6e5a07fceba27648ec76213df3c2b38fd7,43b7946aacd6ee882d523f717f81031c848bcf9f54c0768bb4e124ece8aacbd9,uniform_tiles_with_replacement,440,cf2652c49ae4e304be347a292f18dfff1cfb70fe5c137f4202c32b392ba0c836,75b1a9c8a190aeb8e7a56fb48a7187c1067e8f148db930c1d77feb504d1ab411,8e62afe65636cfdd8d49029721a3646320d0c193ac5aa17f71d6e9e0e5c2739f,c7fa5c74e2d094903b5f81ca2f2000c701e1739d51bb1e33894ffeeab432e5c0,1f7e24f1a68d0020567af2966c4ac1472335c85d59d08526c3a0174bdebdc65b,"[0.9864956736564636,1.020246148109436,0.9555806517601013,1.0297130346298218,0.9730247855186462,1.0407954454421997]",fb47b0b45259f79dda2cbbef90a72dadb55aac7d57e32307c6b4977f1e78dc3e,0.7253578458500596,0.6020778406484352,0.7884593642038961,0.8579347252709855,0.8644030495133553,0.5044168135772585,0.34787631588410933,0.573225119542134,0.4165111706608993,0.32587800369685765,0.466913123844732,1.7816706254948536,0.5928112632193603,0.4212734565908986,0.3885272579332791,0.5382424735557364,0.38033458518265617,0.234822934232715,0.12972972972972974,0.3081081081081081
cap100,100,4,42004,m1,M1,strat_hmm_pretext_m1_k6_topblock1_distill,/workspace/artifacts/seis_ssl_cluster/lithology/f3/facies_benchmark_v1/voxel_label_budget_v1/original_split/datasets/budget=cap100/subsample_seed=4/voxel_supervision,6d6503665d7aca5b514e710ee1d74be4b4c1d17fab032bfbf4fe093208163b5d,8122c98b6ed73066587e88840d50441e0e67952e182240cc56470b3ab7077492,f9ef554e8c4f2f2df77902bedc19bf573190d61faf73c36287343ba3d5eb8fa9,40616,470136,56ca3f96050433fbad04fe98b29b2cd441a3526e12940b7a9b445a26952f78c1,3bfeb8db8a47420ae7671db90a7e4d6e5a07fceba27648ec76213df3c2b38fd7,43b7946aacd6ee882d523f717f81031c848bcf9f54c0768bb4e124ece8aacbd9,uniform_tiles_with_replacement,440,cf2652c49ae4e304be347a292f18dfff1cfb70fe5c137f4202c32b392ba0c836,75b1a9c8a190aeb8e7a56fb48a7187c1067e8f148db930c1d77feb504d1ab411,8e62afe65636cfdd8d49029721a3646320d0c193ac5aa17f71d6e9e0e5c2739f,c7fa5c74e2d094903b5f81ca2f2000c701e1739d51bb1e33894ffeeab432e5c0,1f7e24f1a68d0020567af2966c4ac1472335c85d59d08526c3a0174bdebdc65b,"[0.9864956736564636,1.020246148109436,0.9555806517601013,1.0297130346298218,0.9730247855186462,1.0407954454421997]",fb47b0b45259f79dda2cbbef90a72dadb55aac7d57e32307c6b4977f1e78dc3e,0.7418935968489638,0.6212145016396226,0.7922975847520449,0.868812428744023,0.8728659682998491,0.5153102178411053,0.36178259663980733,0.5784124618745411,0.42600356027748476,0.34059553119338504,0.4845078273795698,1.7463087248322147,0.5810594376557124,0.4095023097343283,0.42026037428803903,0.5752644426362896,0.4682222005271893,0.305672402804334,0.1783783783783784,0.32972972972972975
cap100,100,4,42004,m2a,M2-A,strat_hmm_pretext_m2a_boundary_a050_t2_k6_topblock1_distill,/workspace/artifacts/seis_ssl_cluster/lithology/f3/facies_benchmark_v1/voxel_label_budget_v1/original_split/datasets/budget=cap100/subsample_seed=4/voxel_supervision,6d6503665d7aca5b514e710ee1d74be4b4c1d17fab032bfbf4fe093208163b5d,8122c98b6ed73066587e88840d50441e0e67952e182240cc56470b3ab7077492,f9ef554e8c4f2f2df77902bedc19bf573190d61faf73c36287343ba3d5eb8fa9,40616,470136,56ca3f96050433fbad04fe98b29b2cd441a3526e12940b7a9b445a26952f78c1,3bfeb8db8a47420ae7671db90a7e4d6e5a07fceba27648ec76213df3c2b38fd7,43b7946aacd6ee882d523f717f81031c848bcf9f54c0768bb4e124ece8aacbd9,uniform_tiles_with_replacement,440,cf2652c49ae4e304be347a292f18dfff1cfb70fe5c137f4202c32b392ba0c836,75b1a9c8a190aeb8e7a56fb48a7187c1067e8f148db930c1d77feb504d1ab411,8e62afe65636cfdd8d49029721a3646320d0c193ac5aa17f71d6e9e0e5c2739f,c7fa5c74e2d094903b5f81ca2f2000c701e1739d51bb1e33894ffeeab432e5c0,1f7e24f1a68d0020567af2966c4ac1472335c85d59d08526c3a0174bdebdc65b,"[0.9864956736564636,1.020246148109436,0.9555806517601013,1.0297130346298218,0.9730247855186462,1.0407954454421997]",fb47b0b45259f79dda2cbbef90a72dadb55aac7d57e32307c6b4977f1e78dc3e,0.7412559872631722,0.6274296355124304,0.8058312065083899,0.8721391256997975,0.8803594978539371,0.4948752983872528,0.34160302734259207,0.5661996965675823,0.41398387739198284,0.35842162952137374,0.4989039093898429,1.7420358842914683,0.5934961889291516,0.4219655746807329,0.4816924328722539,0.6204231082180635,0.3856964952855364,0.2389243993828521,0.2648648648648649,0.44324324324324327
