split_id,budget_id,comparison,metric,delta
split_000,cap25,mh_nocons_minus_m1_current_k6,macro_f1,0.03297610807324147
split_000,cap25,mh_nocons_minus_m1_current_k6,mean_iou,0.03432830540420084
split_000,cap25,mh_nocons_minus_m1_current_k6,balanced_accuracy,0.022994650299063002
split_000,cap25,mh_nocons_minus_m1_current_k6,accuracy,0.04772023414501336
split_000,cap25,mh_nocons_minus_m1_current_k6,weighted_f1,0.038734318849866556
split_000,cap25,mh_nocons_minus_m1_current_k6,boundary_region_macro_f1_r2,0.045251414516742194
split_000,cap25,mh_nocons_minus_m1_current_k6,boundary_region_mean_iou_r2,0.0354899318876962
split_000,cap25,mh_nocons_minus_m1_current_k6,boundary_region_macro_f1_r4,0.04580515712469313
split_000,cap25,mh_nocons_minus_m1_current_k6,boundary_region_mean_iou_r4,0.04043848358855229
split_000,cap25,mh_nocons_minus_m1_current_k6,boundary_f1_t2,0.025324530031682974
split_000,cap25,mh_nocons_minus_m1_current_k6,boundary_f1_t4,0.04540878382861163
split_000,cap25,mh_nocons_minus_m1_current_k6,vertical_boundary_position_mae,-0.07316282951719555
split_000,cap25,mh_nocons_minus_m1_current_k6,class_3_f1,-0.026070075481964494
split_000,cap25,mh_nocons_minus_m1_current_k6,class_3_iou,-0.018348281652538073
split_000,cap25,mh_nocons_minus_m1_current_k6,class_3_boundary_recall_t2,0.019121236777868145
split_000,cap25,mh_nocons_minus_m1_current_k6,class_3_boundary_recall_t4,0.026444263628966624
split_000,cap25,mh_nocons_minus_m1_current_k6,class_5_f1,0.06210260128451249
split_000,cap25,mh_nocons_minus_m1_current_k6,class_5_iou,0.036003522770486865
split_000,cap25,mh_nocons_minus_m1_current_k6,class_5_boundary_recall_t2,0.03783783783783784
split_000,cap25,mh_nocons_minus_m1_current_k6,class_5_boundary_recall_t4,0.0972972972972973
split_000,cap25,mh_nocons_minus_mae,macro_f1,0.005059920341176083
split_000,cap25,mh_nocons_minus_mae,mean_iou,0.02783015838141606
split_000,cap25,mh_nocons_minus_mae,balanced_accuracy,0.0835868351565685
split_000,cap25,mh_nocons_minus_mae,accuracy,0.003445811424779288
split_000,cap25,mh_nocons_minus_mae,weighted_f1,0.028042488009535016
split_000,cap25,mh_nocons_minus_mae,boundary_region_macro_f1_r2,0.01728657501284797
split_000,cap25,mh_nocons_minus_mae,boundary_region_mean_iou_r2,0.019684714449553525
split_000,cap25,mh_nocons_minus_mae,boundary_region_macro_f1_r4,0.021496449558242092
split_000,cap25,mh_nocons_minus_mae,boundary_region_mean_iou_r4,0.027875382033214102
split_000,cap25,mh_nocons_minus_mae,boundary_f1_t2,0.01725216996194573
split_000,cap25,mh_nocons_minus_mae,boundary_f1_t4,0.02797546066549983
split_000,cap25,mh_nocons_minus_mae,vertical_boundary_position_mae,-0.02266320459091542
split_000,cap25,mh_nocons_minus_mae,class_3_f1,-0.05192088325359229
split_000,cap25,mh_nocons_minus_mae,class_3_iou,-0.03711583330254378
split_000,cap25,mh_nocons_minus_mae,class_3_boundary_recall_t2,0.025223759153783554
split_000,cap25,mh_nocons_minus_mae,class_3_boundary_recall_t4,0.012205044751830763
split_000,cap25,mh_nocons_minus_mae,class_5_f1,-0.15640891061181061
split_000,cap25,mh_nocons_minus_mae,class_5_iou,-0.10254037451223848
split_000,cap25,mh_nocons_minus_mae,class_5_boundary_recall_t2,0.032432432432432434
split_000,cap25,mh_nocons_minus_mae,class_5_boundary_recall_t4,0.10810810810810811
split_000,cap25,m1_current_k6_minus_mae,macro_f1,-0.02791618773206539
split_000,cap25,m1_current_k6_minus_mae,mean_iou,-0.006498147022784784
split_000,cap25,m1_current_k6_minus_mae,balanced_accuracy,0.060592184857505504
split_000,cap25,m1_current_k6_minus_mae,accuracy,-0.044274422720234075
split_000,cap25,m1_current_k6_minus_mae,weighted_f1,-0.01069183084033154
split_000,cap25,m1_current_k6_minus_mae,boundary_region_macro_f1_r2,-0.027964839503894223
split_000,cap25,m1_current_k6_minus_mae,boundary_region_mean_iou_r2,-0.01580521743814267
split_000,cap25,m1_current_k6_minus_mae,boundary_region_macro_f1_r4,-0.024308707566451038
split_000,cap25,m1_current_k6_minus_mae,boundary_region_mean_iou_r4,-0.012563101555338185
split_000,cap25,m1_current_k6_minus_mae,boundary_f1_t2,-0.008072360069737244
split_000,cap25,m1_current_k6_minus_mae,boundary_f1_t4,-0.017433323163111802
split_000,cap25,m1_current_k6_minus_mae,vertical_boundary_position_mae,0.05049962492628013
split_000,cap25,m1_current_k6_minus_mae,class_3_f1,-0.025850807771627793
split_000,cap25,m1_current_k6_minus_mae,class_3_iou,-0.01876755165000571
split_000,cap25,m1_current_k6_minus_mae,class_3_boundary_recall_t2,0.006102522375915409
split_000,cap25,m1_current_k6_minus_mae,class_3_boundary_recall_t4,-0.014239218877135862
split_000,cap25,m1_current_k6_minus_mae,class_5_f1,-0.21851151189632312
split_000,cap25,m1_current_k6_minus_mae,class_5_iou,-0.13854389728272534
split_000,cap25,m1_current_k6_minus_mae,class_5_boundary_recall_t2,-0.005405405405405406
split_000,cap25,m1_current_k6_minus_mae,class_5_boundary_recall_t4,0.010810810810810811
split_000,cap50,mh_nocons_minus_m1_current_k6,macro_f1,0.05969019873082715
split_000,cap50,mh_nocons_minus_m1_current_k6,mean_iou,0.06967627696143974
split_000,cap50,mh_nocons_minus_m1_current_k6,balanced_accuracy,0.04372840694493352
split_000,cap50,mh_nocons_minus_m1_current_k6,accuracy,0.06240960062620182
split_000,cap50,mh_nocons_minus_m1_current_k6,weighted_f1,0.05716653388413784
split_000,cap50,mh_nocons_minus_m1_current_k6,boundary_region_macro_f1_r2,0.04295046493608695
split_000,cap50,mh_nocons_minus_m1_current_k6,boundary_region_mean_iou_r2,0.039354461682979625
split_000,cap50,mh_nocons_minus_m1_current_k6,boundary_region_macro_f1_r4,0.04024785767437511
split_000,cap50,mh_nocons_minus_m1_current_k6,boundary_region_mean_iou_r4,0.04152304931643225
split_000,cap50,mh_nocons_minus_m1_current_k6,boundary_f1_t2,0.06356387746562875
split_000,cap50,mh_nocons_minus_m1_current_k6,boundary_f1_t4,0.09058286997599413
split_000,cap50,mh_nocons_minus_m1_current_k6,vertical_boundary_position_mae,0.03235028318296895
split_000,cap50,mh_nocons_minus_m1_current_k6,class_3_f1,0.03274458830102467
split_000,cap50,mh_nocons_minus_m1_current_k6,class_3_iou,0.03127430809083748
split_000,cap50,mh_nocons_minus_m1_current_k6,class_3_boundary_recall_t2,-0.05899104963384866
split_000,cap50,mh_nocons_minus_m1_current_k6,class_3_boundary_recall_t4,-0.06021155410903173
split_000,cap50,mh_nocons_minus_m1_current_k6,class_5_f1,0.07928528094606946
split_000,cap50,mh_nocons_minus_m1_current_k6,class_5_iou,0.06296285361073539
split_000,cap50,mh_nocons_minus_m1_current_k6,class_5_boundary_recall_t2,0.11891891891891893
split_000,cap50,mh_nocons_minus_m1_current_k6,class_5_boundary_recall_t4,0.17297297297297298
split_000,cap50,mh_nocons_minus_mae,macro_f1,0.09260438806580562
split_000,cap50,mh_nocons_minus_mae,mean_iou,0.09945514811313172
split_000,cap50,mh_nocons_minus_mae,balanced_accuracy,0.028471248480908873
split_000,cap50,mh_nocons_minus_mae,accuracy,0.08160191944458628
split_000,cap50,mh_nocons_minus_mae,weighted_f1,0.07099180220549062
split_000,cap50,mh_nocons_minus_mae,boundary_region_macro_f1_r2,0.06844661281294878
split_000,cap50,mh_nocons_minus_mae,boundary_region_mean_iou_r2,0.05800062047162152
split_000,cap50,mh_nocons_minus_mae,boundary_region_macro_f1_r4,0.07157475144001785
split_000,cap50,mh_nocons_minus_mae,boundary_region_mean_iou_r4,0.06592626201851487
split_000,cap50,mh_nocons_minus_mae,boundary_f1_t2,0.07363811728118663
split_000,cap50,mh_nocons_minus_mae,boundary_f1_t4,0.12523173305879998
split_000,cap50,mh_nocons_minus_mae,vertical_boundary_position_mae,-0.09069779416156987
split_000,cap50,mh_nocons_minus_mae,class_3_f1,0.10354441729446046
split_000,cap50,mh_nocons_minus_mae,class_3_iou,0.09433175076557432
split_000,cap50,mh_nocons_minus_mae,class_3_boundary_recall_t2,-0.05899104963384866
split_000,cap50,mh_nocons_minus_mae,class_3_boundary_recall_t4,-0.05329536208299429
split_000,cap50,mh_nocons_minus_mae,class_5_f1,0.1343607315128003
split_000,cap50,mh_nocons_minus_mae,class_5_iou,0.1032065418847293
split_000,cap50,mh_nocons_minus_mae,class_5_boundary_recall_t2,0.07027027027027027
split_000,cap50,mh_nocons_minus_mae,class_5_boundary_recall_t4,0.11351351351351352
split_000,cap50,m1_current_k6_minus_mae,macro_f1,0.03291418933497847
split_000,cap50,m1_current_k6_minus_mae,mean_iou,0.029778871151691977
split_000,cap50,m1_current_k6_minus_mae,balanced_accuracy,-0.015257158464024645
split_000,cap50,m1_current_k6_minus_mae,accuracy,0.019192318818384457
split_000,cap50,m1_current_k6_minus_mae,weighted_f1,0.01382526832135278
split_000,cap50,m1_current_k6_minus_mae,boundary_region_macro_f1_r2,0.02549614787686183
split_000,cap50,m1_current_k6_minus_mae,boundary_region_mean_iou_r2,0.018646158788641898
split_000,cap50,m1_current_k6_minus_mae,boundary_region_macro_f1_r4,0.03132689376564274
split_000,cap50,m1_current_k6_minus_mae,boundary_region_mean_iou_r4,0.02440321270208262
split_000,cap50,m1_current_k6_minus_mae,boundary_f1_t2,0.010074239815557884
split_000,cap50,m1_current_k6_minus_mae,boundary_f1_t4,0.03464886308280585
split_000,cap50,m1_current_k6_minus_mae,vertical_boundary_position_mae,-0.12304807734453882
split_000,cap50,m1_current_k6_minus_mae,class_3_f1,0.07079982899343579
split_000,cap50,m1_current_k6_minus_mae,class_3_iou,0.06305744267473684
split_000,cap50,m1_current_k6_minus_mae,class_3_boundary_recall_t2,0.0
split_000,cap50,m1_current_k6_minus_mae,class_3_boundary_recall_t4,0.006916192026037438
split_000,cap50,m1_current_k6_minus_mae,class_5_f1,0.055075450566730855
split_000,cap50,m1_current_k6_minus_mae,class_5_iou,0.04024368827399391
split_000,cap50,m1_current_k6_minus_mae,class_5_boundary_recall_t2,-0.04864864864864865
split_000,cap50,m1_current_k6_minus_mae,class_5_boundary_recall_t4,-0.05945945945945946
split_001,cap25,mh_nocons_minus_m1_current_k6,macro_f1,0.003738091236863972
split_001,cap25,mh_nocons_minus_m1_current_k6,mean_iou,-0.004473014793617558
split_001,cap25,mh_nocons_minus_m1_current_k6,balanced_accuracy,0.00869573187416084
split_001,cap25,mh_nocons_minus_m1_current_k6,accuracy,-0.022346230158730163
split_001,cap25,mh_nocons_minus_m1_current_k6,weighted_f1,-0.017229072992489214
split_001,cap25,mh_nocons_minus_m1_current_k6,boundary_region_macro_f1_r2,-0.03272445189772888
split_001,cap25,mh_nocons_minus_m1_current_k6,boundary_region_mean_iou_r2,-0.029764905596501967
split_001,cap25,mh_nocons_minus_m1_current_k6,boundary_region_macro_f1_r4,-0.018341711772171976
split_001,cap25,mh_nocons_minus_m1_current_k6,boundary_region_mean_iou_r4,-0.020860138305685838
split_001,cap25,mh_nocons_minus_m1_current_k6,boundary_f1_t2,-0.034921994678188545
split_001,cap25,mh_nocons_minus_m1_current_k6,boundary_f1_t4,-0.03664631977391969
split_001,cap25,mh_nocons_minus_m1_current_k6,vertical_boundary_position_mae,-0.16458155600850732
split_001,cap25,mh_nocons_minus_m1_current_k6,class_3_f1,-0.014525951977689439
split_001,cap25,mh_nocons_minus_m1_current_k6,class_3_iou,-0.008967197756435077
split_001,cap25,mh_nocons_minus_m1_current_k6,class_3_boundary_recall_t2,0.045843045843045827
split_001,cap25,mh_nocons_minus_m1_current_k6,class_3_boundary_recall_t4,0.017871017871017914
split_001,cap25,mh_nocons_minus_m1_current_k6,class_5_f1,0.13795021862851298
split_001,cap25,mh_nocons_minus_m1_current_k6,class_5_iou,0.10126355789647931
split_001,cap25,mh_nocons_minus_m1_current_k6,class_5_boundary_recall_t2,0.17277486910994766
split_001,cap25,mh_nocons_minus_m1_current_k6,class_5_boundary_recall_t4,0.21465968586387435
split_001,cap25,mh_nocons_minus_mae,macro_f1,0.02171408172261724
split_001,cap25,mh_nocons_minus_mae,mean_iou,0.03148861950166387
split_001,cap25,mh_nocons_minus_mae,balanced_accuracy,0.03620537116618339
split_001,cap25,mh_nocons_minus_mae,accuracy,0.024620535714285796
split_001,cap25,mh_nocons_minus_mae,weighted_f1,0.03301428833647957
split_001,cap25,mh_nocons_minus_mae,boundary_region_macro_f1_r2,0.06330198363997985
split_001,cap25,mh_nocons_minus_mae,boundary_region_mean_iou_r2,0.045713395667736995
split_001,cap25,mh_nocons_minus_mae,boundary_region_macro_f1_r4,0.06822188587765454
split_001,cap25,mh_nocons_minus_mae,boundary_region_mean_iou_r4,0.053888530563858644
split_001,cap25,mh_nocons_minus_mae,boundary_f1_t2,0.023194861311458564
split_001,cap25,mh_nocons_minus_mae,boundary_f1_t4,0.03785819914780075
split_001,cap25,mh_nocons_minus_mae,vertical_boundary_position_mae,-0.07203183216116993
split_001,cap25,mh_nocons_minus_mae,class_3_f1,0.016889018913076093
split_001,cap25,mh_nocons_minus_mae,class_3_iou,0.010246415362671096
split_001,cap25,mh_nocons_minus_mae,class_3_boundary_recall_t2,-0.09168609168609168
split_001,cap25,mh_nocons_minus_mae,class_3_boundary_recall_t4,-0.12509712509712506
split_001,cap25,mh_nocons_minus_mae,class_5_f1,0.023146213966368456
split_001,cap25,mh_nocons_minus_mae,class_5_iou,0.018205066530039893
split_001,cap25,mh_nocons_minus_mae,class_5_boundary_recall_t2,0.1099476439790576
split_001,cap25,mh_nocons_minus_mae,class_5_boundary_recall_t4,0.07853403141361259
split_001,cap25,m1_current_k6_minus_mae,macro_f1,0.017975990485753268
split_001,cap25,m1_current_k6_minus_mae,mean_iou,0.03596163429528143
split_001,cap25,m1_current_k6_minus_mae,balanced_accuracy,0.027509639292022547
split_001,cap25,m1_current_k6_minus_mae,accuracy,0.04696676587301596
split_001,cap25,m1_current_k6_minus_mae,weighted_f1,0.05024336132896878
split_001,cap25,m1_current_k6_minus_mae,boundary_region_macro_f1_r2,0.09602643553770873
split_001,cap25,m1_current_k6_minus_mae,boundary_region_mean_iou_r2,0.07547830126423896
split_001,cap25,m1_current_k6_minus_mae,boundary_region_macro_f1_r4,0.08656359764982652
split_001,cap25,m1_current_k6_minus_mae,boundary_region_mean_iou_r4,0.07474866886954448
split_001,cap25,m1_current_k6_minus_mae,boundary_f1_t2,0.05811685598964711
split_001,cap25,m1_current_k6_minus_mae,boundary_f1_t4,0.07450451892172044
split_001,cap25,m1_current_k6_minus_mae,vertical_boundary_position_mae,0.0925497238473374
split_001,cap25,m1_current_k6_minus_mae,class_3_f1,0.03141497089076553
split_001,cap25,m1_current_k6_minus_mae,class_3_iou,0.019213613119106174
split_001,cap25,m1_current_k6_minus_mae,class_3_boundary_recall_t2,-0.1375291375291375
split_001,cap25,m1_current_k6_minus_mae,class_3_boundary_recall_t4,-0.14296814296814297
split_001,cap25,m1_current_k6_minus_mae,class_5_f1,-0.11480400466214452
split_001,cap25,m1_current_k6_minus_mae,class_5_iou,-0.08305849136643942
split_001,cap25,m1_current_k6_minus_mae,class_5_boundary_recall_t2,-0.06282722513089006
split_001,cap25,m1_current_k6_minus_mae,class_5_boundary_recall_t4,-0.13612565445026176
split_001,cap50,mh_nocons_minus_m1_current_k6,macro_f1,-0.005745747180560867
split_001,cap50,mh_nocons_minus_m1_current_k6,mean_iou,-0.005308081586607116
split_001,cap50,mh_nocons_minus_m1_current_k6,balanced_accuracy,0.01041673234399687
split_001,cap50,mh_nocons_minus_m1_current_k6,accuracy,-0.004193948412698378
split_001,cap50,mh_nocons_minus_m1_current_k6,weighted_f1,-0.002364846969307721
split_001,cap50,mh_nocons_minus_m1_current_k6,boundary_region_macro_f1_r2,-0.006911267636825147
split_001,cap50,mh_nocons_minus_m1_current_k6,boundary_region_mean_iou_r2,-0.008675085369995894
split_001,cap50,mh_nocons_minus_m1_current_k6,boundary_region_macro_f1_r4,-0.006057222670429574
split_001,cap50,mh_nocons_minus_m1_current_k6,boundary_region_mean_iou_r4,-0.008672862558603944
split_001,cap50,mh_nocons_minus_m1_current_k6,boundary_f1_t2,0.001308237826049885
split_001,cap50,mh_nocons_minus_m1_current_k6,boundary_f1_t4,0.0012276246467352592
split_001,cap50,mh_nocons_minus_m1_current_k6,vertical_boundary_position_mae,0.02140444305578204
split_001,cap50,mh_nocons_minus_m1_current_k6,class_3_f1,-0.0005941198747706489
split_001,cap50,mh_nocons_minus_m1_current_k6,class_3_iou,-0.000484407628734973
split_001,cap50,mh_nocons_minus_m1_current_k6,class_3_boundary_recall_t2,0.008547008547008572
split_001,cap50,mh_nocons_minus_m1_current_k6,class_3_boundary_recall_t4,-0.010101010101010055
split_001,cap50,mh_nocons_minus_m1_current_k6,class_5_f1,0.04030238716067064
split_001,cap50,mh_nocons_minus_m1_current_k6,class_5_iou,0.03143461857518107
split_001,cap50,mh_nocons_minus_m1_current_k6,class_5_boundary_recall_t2,0.07853403141361257
split_001,cap50,mh_nocons_minus_m1_current_k6,class_5_boundary_recall_t4,0.03664921465968585
split_001,cap50,mh_nocons_minus_mae,macro_f1,0.010006820979346243
split_001,cap50,mh_nocons_minus_mae,mean_iou,0.01799891661750952
split_001,cap50,mh_nocons_minus_mae,balanced_accuracy,0.029841167188159656
split_001,cap50,mh_nocons_minus_mae,accuracy,0.028789682539682615
split_001,cap50,mh_nocons_minus_mae,weighted_f1,0.02753865589446336
split_001,cap50,mh_nocons_minus_mae,boundary_region_macro_f1_r2,0.02844856629151893
split_001,cap50,mh_nocons_minus_mae,boundary_region_mean_iou_r2,0.02668912659520306
split_001,cap50,mh_nocons_minus_mae,boundary_region_macro_f1_r4,0.023419094699844156
split_001,cap50,mh_nocons_minus_mae,boundary_region_mean_iou_r4,0.024693126548711586
split_001,cap50,mh_nocons_minus_mae,boundary_f1_t2,0.029618410640394277
split_001,cap50,mh_nocons_minus_mae,boundary_f1_t4,0.019811552176975777
split_001,cap50,mh_nocons_minus_mae,vertical_boundary_position_mae,0.14461581835295534
split_001,cap50,mh_nocons_minus_mae,class_3_f1,0.049088204802966495
split_001,cap50,mh_nocons_minus_mae,class_3_iou,0.03879260808426099
split_001,cap50,mh_nocons_minus_mae,class_3_boundary_recall_t2,0.17793317793317795
split_001,cap50,mh_nocons_minus_mae,class_3_boundary_recall_t4,0.13286713286713292
split_001,cap50,mh_nocons_minus_mae,class_5_f1,0.02733995642112569
split_001,cap50,mh_nocons_minus_mae,class_5_iou,0.02149615523471249
split_001,cap50,mh_nocons_minus_mae,class_5_boundary_recall_t2,0.07853403141361257
split_001,cap50,mh_nocons_minus_mae,class_5_boundary_recall_t4,0.13089005235602094
split_001,cap50,m1_current_k6_minus_mae,macro_f1,0.01575256815990711
split_001,cap50,m1_current_k6_minus_mae,mean_iou,0.023306998204116636
split_001,cap50,m1_current_k6_minus_mae,balanced_accuracy,0.019424434844162786
split_001,cap50,m1_current_k6_minus_mae,accuracy,0.03298363095238099
split_001,cap50,m1_current_k6_minus_mae,weighted_f1,0.02990350286377108
split_001,cap50,m1_current_k6_minus_mae,boundary_region_macro_f1_r2,0.035359833928344075
split_001,cap50,m1_current_k6_minus_mae,boundary_region_mean_iou_r2,0.035364211965198955
split_001,cap50,m1_current_k6_minus_mae,boundary_region_macro_f1_r4,0.02947631737027373
split_001,cap50,m1_current_k6_minus_mae,boundary_region_mean_iou_r4,0.03336598910731553
split_001,cap50,m1_current_k6_minus_mae,boundary_f1_t2,0.028310172814344392
split_001,cap50,m1_current_k6_minus_mae,boundary_f1_t4,0.018583927530240518
split_001,cap50,m1_current_k6_minus_mae,vertical_boundary_position_mae,0.1232113752971733
split_001,cap50,m1_current_k6_minus_mae,class_3_f1,0.049682324677737144
split_001,cap50,m1_current_k6_minus_mae,class_3_iou,0.039277015712995966
split_001,cap50,m1_current_k6_minus_mae,class_3_boundary_recall_t2,0.16938616938616938
split_001,cap50,m1_current_k6_minus_mae,class_3_boundary_recall_t4,0.14296814296814297
split_001,cap50,m1_current_k6_minus_mae,class_5_f1,-0.01296243073954495
split_001,cap50,m1_current_k6_minus_mae,class_5_iou,-0.009938463340468578
split_001,cap50,m1_current_k6_minus_mae,class_5_boundary_recall_t2,0.0
split_001,cap50,m1_current_k6_minus_mae,class_5_boundary_recall_t4,0.0942408376963351
split_002,cap25,mh_nocons_minus_m1_current_k6,macro_f1,0.02941736682404683
split_002,cap25,mh_nocons_minus_m1_current_k6,mean_iou,0.024904450909781106
split_002,cap25,mh_nocons_minus_m1_current_k6,balanced_accuracy,0.030853316988450286
split_002,cap25,mh_nocons_minus_m1_current_k6,accuracy,0.020553075396825382
split_002,cap25,mh_nocons_minus_m1_current_k6,weighted_f1,0.01472524420047261
split_002,cap25,mh_nocons_minus_m1_current_k6,boundary_region_macro_f1_r2,0.05956087398800525
split_002,cap25,mh_nocons_minus_m1_current_k6,boundary_region_mean_iou_r2,0.04027702494379429
split_002,cap25,mh_nocons_minus_m1_current_k6,boundary_region_macro_f1_r4,0.062137150881617254
split_002,cap25,mh_nocons_minus_m1_current_k6,boundary_region_mean_iou_r4,0.04319008849118117
split_002,cap25,mh_nocons_minus_m1_current_k6,boundary_f1_t2,-0.028631466386291077
split_002,cap25,mh_nocons_minus_m1_current_k6,boundary_f1_t4,-0.015951962778546047
split_002,cap25,mh_nocons_minus_m1_current_k6,vertical_boundary_position_mae,-0.1546981029212684
split_002,cap25,mh_nocons_minus_m1_current_k6,class_3_f1,0.035359308859367444
split_002,cap25,mh_nocons_minus_m1_current_k6,class_3_iou,0.026256835837975695
split_002,cap25,mh_nocons_minus_m1_current_k6,class_3_boundary_recall_t2,-0.0392768079800499
split_002,cap25,mh_nocons_minus_m1_current_k6,class_3_boundary_recall_t4,-0.07418952618453867
split_002,cap25,mh_nocons_minus_m1_current_k6,class_5_f1,0.0851489835951419
split_002,cap25,mh_nocons_minus_m1_current_k6,class_5_iou,0.047798085223736055
split_002,cap25,mh_nocons_minus_m1_current_k6,class_5_boundary_recall_t2,0.25
split_002,cap25,mh_nocons_minus_m1_current_k6,class_5_boundary_recall_t4,0.3125
split_002,cap25,mh_nocons_minus_mae,macro_f1,0.056536363772473175
split_002,cap25,mh_nocons_minus_mae,mean_iou,0.04906944138440644
split_002,cap25,mh_nocons_minus_mae,balanced_accuracy,0.05527278058666629
split_002,cap25,mh_nocons_minus_mae,accuracy,0.03377232142857145
split_002,cap25,mh_nocons_minus_mae,weighted_f1,0.022732001405949553
split_002,cap25,mh_nocons_minus_mae,boundary_region_macro_f1_r2,0.10133686014899523
split_002,cap25,mh_nocons_minus_mae,boundary_region_mean_iou_r2,0.07761812742275581
split_002,cap25,mh_nocons_minus_mae,boundary_region_macro_f1_r4,0.11527511994929057
split_002,cap25,mh_nocons_minus_mae,boundary_region_mean_iou_r4,0.09116699854839905
split_002,cap25,mh_nocons_minus_mae,boundary_f1_t2,-0.03215852896649937
split_002,cap25,mh_nocons_minus_mae,boundary_f1_t4,-0.020783834331218998
split_002,cap25,mh_nocons_minus_mae,vertical_boundary_position_mae,-0.20757958201165327
split_002,cap25,mh_nocons_minus_mae,class_3_f1,0.13140187940388026
split_002,cap25,mh_nocons_minus_mae,class_3_iou,0.09223541635780444
split_002,cap25,mh_nocons_minus_mae,class_3_boundary_recall_t2,-0.020573566084788025
split_002,cap25,mh_nocons_minus_mae,class_3_boundary_recall_t4,-0.01807980049875313
split_002,cap25,mh_nocons_minus_mae,class_5_f1,0.0773228625912788
split_002,cap25,mh_nocons_minus_mae,class_5_iou,0.04358158640208278
split_002,cap25,mh_nocons_minus_mae,class_5_boundary_recall_t2,0.0
split_002,cap25,mh_nocons_minus_mae,class_5_boundary_recall_t4,-0.09375
split_002,cap25,m1_current_k6_minus_mae,macro_f1,0.027118996948426344
split_002,cap25,m1_current_k6_minus_mae,mean_iou,0.024164990474625336
split_002,cap25,m1_current_k6_minus_mae,balanced_accuracy,0.024419463598216007
split_002,cap25,m1_current_k6_minus_mae,accuracy,0.013219246031746068
split_002,cap25,m1_current_k6_minus_mae,weighted_f1,0.008006757205476944
split_002,cap25,m1_current_k6_minus_mae,boundary_region_macro_f1_r2,0.041775986160989986
split_002,cap25,m1_current_k6_minus_mae,boundary_region_mean_iou_r2,0.037341102478961524
split_002,cap25,m1_current_k6_minus_mae,boundary_region_macro_f1_r4,0.05313796906767332
split_002,cap25,m1_current_k6_minus_mae,boundary_region_mean_iou_r4,0.04797691005721788
split_002,cap25,m1_current_k6_minus_mae,boundary_f1_t2,-0.0035270625802082956
split_002,cap25,m1_current_k6_minus_mae,boundary_f1_t4,-0.0048318715526729505
split_002,cap25,m1_current_k6_minus_mae,vertical_boundary_position_mae,-0.052881479090384875
split_002,cap25,m1_current_k6_minus_mae,class_3_f1,0.09604257054451282
split_002,cap25,m1_current_k6_minus_mae,class_3_iou,0.06597858051982874
split_002,cap25,m1_current_k6_minus_mae,class_3_boundary_recall_t2,0.018703241895261874
split_002,cap25,m1_current_k6_minus_mae,class_3_boundary_recall_t4,0.05610972568578554
split_002,cap25,m1_current_k6_minus_mae,class_5_f1,-0.00782612100386311
split_002,cap25,m1_current_k6_minus_mae,class_5_iou,-0.004216498821653272
split_002,cap25,m1_current_k6_minus_mae,class_5_boundary_recall_t2,-0.25
split_002,cap25,m1_current_k6_minus_mae,class_5_boundary_recall_t4,-0.40625
split_002,cap50,mh_nocons_minus_m1_current_k6,macro_f1,-0.021279805815820785
split_002,cap50,mh_nocons_minus_m1_current_k6,mean_iou,-0.016836819122529878
split_002,cap50,mh_nocons_minus_m1_current_k6,balanced_accuracy,-0.04524794478072636
split_002,cap50,mh_nocons_minus_m1_current_k6,accuracy,0.008013392857142865
split_002,cap50,mh_nocons_minus_m1_current_k6,weighted_f1,0.0021214141350993643
split_002,cap50,mh_nocons_minus_m1_current_k6,boundary_region_macro_f1_r2,0.01599893533659985
split_002,cap50,mh_nocons_minus_m1_current_k6,boundary_region_mean_iou_r2,0.020062987208280814
split_002,cap50,mh_nocons_minus_m1_current_k6,boundary_region_macro_f1_r4,0.004743819895409285
split_002,cap50,mh_nocons_minus_m1_current_k6,boundary_region_mean_iou_r4,0.013931972435244855
split_002,cap50,mh_nocons_minus_m1_current_k6,boundary_f1_t2,0.046106873853622776
split_002,cap50,mh_nocons_minus_m1_current_k6,boundary_f1_t4,0.05683120005269521
split_002,cap50,mh_nocons_minus_m1_current_k6,vertical_boundary_position_mae,0.004564036508443392
split_002,cap50,mh_nocons_minus_m1_current_k6,class_3_f1,-0.07386278527198809
split_002,cap50,mh_nocons_minus_m1_current_k6,class_3_iou,-0.06365744807128015
split_002,cap50,mh_nocons_minus_m1_current_k6,class_3_boundary_recall_t2,-0.0822942643391521
split_002,cap50,mh_nocons_minus_m1_current_k6,class_3_boundary_recall_t4,-0.1589775561097257
split_002,cap50,mh_nocons_minus_m1_current_k6,class_5_f1,-0.015760840210170823
split_002,cap50,mh_nocons_minus_m1_current_k6,class_5_iou,-0.00844791354962832
split_002,cap50,mh_nocons_minus_m1_current_k6,class_5_boundary_recall_t2,-0.1875
split_002,cap50,mh_nocons_minus_m1_current_k6,class_5_boundary_recall_t4,-0.375
split_002,cap50,mh_nocons_minus_mae,macro_f1,-0.0001060092396343304
split_002,cap50,mh_nocons_minus_mae,mean_iou,0.012653917341720167
split_002,cap50,mh_nocons_minus_mae,balanced_accuracy,-0.037047511783533604
split_002,cap50,mh_nocons_minus_mae,accuracy,0.023980654761904807
split_002,cap50,mh_nocons_minus_mae,weighted_f1,0.020543996982361423
split_002,cap50,mh_nocons_minus_mae,boundary_region_macro_f1_r2,0.025065167377491704
split_002,cap50,mh_nocons_minus_mae,boundary_region_mean_iou_r2,0.028672530580164557
split_002,cap50,mh_nocons_minus_mae,boundary_region_macro_f1_r4,0.024233325455344734
split_002,cap50,mh_nocons_minus_mae,boundary_region_mean_iou_r4,0.032917517671922136
split_002,cap50,mh_nocons_minus_mae,boundary_f1_t2,0.06438971067977073
split_002,cap50,mh_nocons_minus_mae,boundary_f1_t4,0.054661665754788036
split_002,cap50,mh_nocons_minus_mae,vertical_boundary_position_mae,0.154317828446072
split_002,cap50,mh_nocons_minus_mae,class_3_f1,-0.022803072734981056
split_002,cap50,mh_nocons_minus_mae,class_3_iou,-0.018999996081469295
split_002,cap50,mh_nocons_minus_mae,class_3_boundary_recall_t2,0.100997506234414
split_002,cap50,mh_nocons_minus_mae,class_3_boundary_recall_t4,0.0392768079800499
split_002,cap50,mh_nocons_minus_mae,class_5_f1,-0.06570027485522667
split_002,cap50,mh_nocons_minus_mae,class_5_iou,-0.036154301538056294
split_002,cap50,mh_nocons_minus_mae,class_5_boundary_recall_t2,-0.03125
split_002,cap50,mh_nocons_minus_mae,class_5_boundary_recall_t4,0.03125
split_002,cap50,m1_current_k6_minus_mae,macro_f1,0.021173796576186454
split_002,cap50,m1_current_k6_minus_mae,mean_iou,0.029490736464250045
split_002,cap50,m1_current_k6_minus_mae,balanced_accuracy,0.008200432997192753
split_002,cap50,m1_current_k6_minus_mae,accuracy,0.015967261904761942
split_002,cap50,m1_current_k6_minus_mae,weighted_f1,0.01842258284726206
split_002,cap50,m1_current_k6_minus_mae,boundary_region_macro_f1_r2,0.009066232040891853
split_002,cap50,m1_current_k6_minus_mae,boundary_region_mean_iou_r2,0.008609543371883743
split_002,cap50,m1_current_k6_minus_mae,boundary_region_macro_f1_r4,0.01948950555993545
split_002,cap50,m1_current_k6_minus_mae,boundary_region_mean_iou_r4,0.01898554523667728
split_002,cap50,m1_current_k6_minus_mae,boundary_f1_t2,0.018282836826147952
split_002,cap50,m1_current_k6_minus_mae,boundary_f1_t4,-0.002169534297907172
split_002,cap50,m1_current_k6_minus_mae,vertical_boundary_position_mae,0.1497537919376286
split_002,cap50,m1_current_k6_minus_mae,class_3_f1,0.05105971253700703
split_002,cap50,m1_current_k6_minus_mae,class_3_iou,0.04465745198981086
split_002,cap50,m1_current_k6_minus_mae,class_3_boundary_recall_t2,0.1832917705735661
split_002,cap50,m1_current_k6_minus_mae,class_3_boundary_recall_t4,0.1982543640897756
split_002,cap50,m1_current_k6_minus_mae,class_5_f1,-0.04993943464505585
split_002,cap50,m1_current_k6_minus_mae,class_5_iou,-0.027706387988427977
split_002,cap50,m1_current_k6_minus_mae,class_5_boundary_recall_t2,0.15625
split_002,cap50,m1_current_k6_minus_mae,class_5_boundary_recall_t4,0.40625
split_003,cap25,mh_nocons_minus_m1_current_k6,macro_f1,0.03168333411699942
split_003,cap25,mh_nocons_minus_m1_current_k6,mean_iou,0.029617553924754847
split_003,cap25,mh_nocons_minus_m1_current_k6,balanced_accuracy,0.0006251089089597262
split_003,cap25,mh_nocons_minus_m1_current_k6,accuracy,0.04531180235154042
split_003,cap25,mh_nocons_minus_m1_current_k6,weighted_f1,0.03390793677747983
split_003,cap25,mh_nocons_minus_m1_current_k6,boundary_region_macro_f1_r2,0.02874185403561108
split_003,cap25,mh_nocons_minus_m1_current_k6,boundary_region_mean_iou_r2,0.023271916935018455
split_003,cap25,mh_nocons_minus_m1_current_k6,boundary_region_macro_f1_r4,0.029831302316613295
split_003,cap25,mh_nocons_minus_m1_current_k6,boundary_region_mean_iou_r4,0.02444100475427302
split_003,cap25,mh_nocons_minus_m1_current_k6,boundary_f1_t2,0.02475300444936443
split_003,cap25,mh_nocons_minus_m1_current_k6,boundary_f1_t4,0.05251642979034998
split_003,cap25,mh_nocons_minus_m1_current_k6,vertical_boundary_position_mae,-0.10153534743797099
split_003,cap25,mh_nocons_minus_m1_current_k6,class_3_f1,0.02596563294338372
split_003,cap25,mh_nocons_minus_m1_current_k6,class_3_iou,0.019749571844571823
split_003,cap25,mh_nocons_minus_m1_current_k6,class_3_boundary_recall_t2,0.04853833425262
split_003,cap25,mh_nocons_minus_m1_current_k6,class_3_boundary_recall_t4,0.05681191395477103
split_003,cap25,mh_nocons_minus_m1_current_k6,class_5_f1,0.03566244282776837
split_003,cap25,mh_nocons_minus_m1_current_k6,class_5_iou,0.028964813691613023
split_003,cap25,mh_nocons_minus_m1_current_k6,class_5_boundary_recall_t2,-0.010273972602739712
split_003,cap25,mh_nocons_minus_m1_current_k6,class_5_boundary_recall_t4,0.05136986301369867
split_003,cap25,mh_nocons_minus_mae,macro_f1,0.04992634819247599
split_003,cap25,mh_nocons_minus_mae,mean_iou,0.060510643637116834
split_003,cap25,mh_nocons_minus_mae,balanced_accuracy,0.027930037111853823
split_003,cap25,mh_nocons_minus_mae,accuracy,0.07630041672867993
split_003,cap25,mh_nocons_minus_mae,weighted_f1,0.0744836296166741
split_003,cap25,mh_nocons_minus_mae,boundary_region_macro_f1_r2,0.060984136454704074
split_003,cap25,mh_nocons_minus_mae,boundary_region_mean_iou_r2,0.046629601817269384
split_003,cap25,mh_nocons_minus_mae,boundary_region_macro_f1_r4,0.06206187151215159
split_003,cap25,mh_nocons_minus_mae,boundary_region_mean_iou_r4,0.049353359448129186
split_003,cap25,mh_nocons_minus_mae,boundary_f1_t2,0.025212011848563698
split_003,cap25,mh_nocons_minus_mae,boundary_f1_t4,0.05601687421751417
split_003,cap25,mh_nocons_minus_mae,vertical_boundary_position_mae,-0.0892936372860571
split_003,cap25,mh_nocons_minus_mae,class_3_f1,0.05739402901437657
split_003,cap25,mh_nocons_minus_mae,class_3_iou,0.04283064374736334
split_003,cap25,mh_nocons_minus_mae,class_3_boundary_recall_t2,-0.006618863761720883
split_003,cap25,mh_nocons_minus_mae,class_3_boundary_recall_t4,-0.010479867622724792
split_003,cap25,mh_nocons_minus_mae,class_5_f1,0.01951346246496466
split_003,cap25,mh_nocons_minus_mae,class_5_iou,0.016011627357944536
split_003,cap25,mh_nocons_minus_mae,class_5_boundary_recall_t2,0.10273972602739728
split_003,cap25,mh_nocons_minus_mae,class_5_boundary_recall_t4,0.14726027397260277
split_003,cap25,m1_current_k6_minus_mae,macro_f1,0.01824301407547657
split_003,cap25,m1_current_k6_minus_mae,mean_iou,0.030893089712361987
split_003,cap25,m1_current_k6_minus_mae,balanced_accuracy,0.027304928202894097
split_003,cap25,m1_current_k6_minus_mae,accuracy,0.03098861437713951
split_003,cap25,m1_current_k6_minus_mae,weighted_f1,0.040575692839194266
split_003,cap25,m1_current_k6_minus_mae,boundary_region_macro_f1_r2,0.032242282419092994
split_003,cap25,m1_current_k6_minus_mae,boundary_region_mean_iou_r2,0.02335768488225093
split_003,cap25,m1_current_k6_minus_mae,boundary_region_macro_f1_r4,0.032230569195538294
split_003,cap25,m1_current_k6_minus_mae,boundary_region_mean_iou_r4,0.024912354693856165
split_003,cap25,m1_current_k6_minus_mae,boundary_f1_t2,0.00045900739919926825
split_003,cap25,m1_current_k6_minus_mae,boundary_f1_t4,0.0035004444271641844
split_003,cap25,m1_current_k6_minus_mae,vertical_boundary_position_mae,0.012241710151913887
split_003,cap25,m1_current_k6_minus_mae,class_3_f1,0.03142839607099285
split_003,cap25,m1_current_k6_minus_mae,class_3_iou,0.023081071902791517
split_003,cap25,m1_current_k6_minus_mae,class_3_boundary_recall_t2,-0.05515719801434088
split_003,cap25,m1_current_k6_minus_mae,class_3_boundary_recall_t4,-0.06729178157749582
split_003,cap25,m1_current_k6_minus_mae,class_5_f1,-0.01614898036280371
split_003,cap25,m1_current_k6_minus_mae,class_5_iou,-0.012953186333668487
split_003,cap25,m1_current_k6_minus_mae,class_5_boundary_recall_t2,0.113013698630137
split_003,cap25,m1_current_k6_minus_mae,class_5_boundary_recall_t4,0.0958904109589041
split_003,cap50,mh_nocons_minus_m1_current_k6,macro_f1,0.006216506121774046
split_003,cap50,mh_nocons_minus_m1_current_k6,mean_iou,-0.000283611201752354
split_003,cap50,mh_nocons_minus_m1_current_k6,balanced_accuracy,0.01506162782163134
split_003,cap50,mh_nocons_minus_m1_current_k6,accuracy,-0.004993302574787917
split_003,cap50,mh_nocons_minus_m1_current_k6,weighted_f1,-0.008186322034866578
split_003,cap50,mh_nocons_minus_m1_current_k6,boundary_region_macro_f1_r2,0.000536947935026233
split_003,cap50,mh_nocons_minus_m1_current_k6,boundary_region_mean_iou_r2,0.004024083122607602
split_003,cap50,mh_nocons_minus_m1_current_k6,boundary_region_macro_f1_r4,-0.010065977954154648
split_003,cap50,mh_nocons_minus_m1_current_k6,boundary_region_mean_iou_r4,-0.005119452067777752
split_003,cap50,mh_nocons_minus_m1_current_k6,boundary_f1_t2,-0.04007506589047827
split_003,cap50,mh_nocons_minus_m1_current_k6,boundary_f1_t4,-0.07121037288846982
split_003,cap50,mh_nocons_minus_m1_current_k6,vertical_boundary_position_mae,0.10324922478837228
split_003,cap50,mh_nocons_minus_m1_current_k6,class_3_f1,0.06656574907082619
split_003,cap50,mh_nocons_minus_m1_current_k6,class_3_iou,0.05897970747971881
split_003,cap50,mh_nocons_minus_m1_current_k6,class_3_boundary_recall_t2,0.14561500275785988
split_003,cap50,mh_nocons_minus_m1_current_k6,class_3_boundary_recall_t4,0.14782129067843353
split_003,cap50,mh_nocons_minus_m1_current_k6,class_5_f1,0.10115406470732091
split_003,cap50,mh_nocons_minus_m1_current_k6,class_5_iou,0.08596967496358665
split_003,cap50,mh_nocons_minus_m1_current_k6,class_5_boundary_recall_t2,0.136986301369863
split_003,cap50,mh_nocons_minus_m1_current_k6,class_5_boundary_recall_t4,0.11986301369863012
split_003,cap50,mh_nocons_minus_mae,macro_f1,0.012214475334453856
split_003,cap50,mh_nocons_minus_mae,mean_iou,0.022920722167544816
split_003,cap50,mh_nocons_minus_mae,balanced_accuracy,0.021783446421476227
split_003,cap50,mh_nocons_minus_mae,accuracy,0.023424244679267847
split_003,cap50,mh_nocons_minus_mae,weighted_f1,0.02509355610163
split_003,cap50,mh_nocons_minus_mae,boundary_region_macro_f1_r2,0.06088483367361802
split_003,cap50,mh_nocons_minus_mae,boundary_region_mean_iou_r2,0.05675364562366475
split_003,cap50,mh_nocons_minus_mae,boundary_region_macro_f1_r4,0.059159533991589075
split_003,cap50,mh_nocons_minus_mae,boundary_region_mean_iou_r4,0.06081465015018761
split_003,cap50,mh_nocons_minus_mae,boundary_f1_t2,0.04563277256463344
split_003,cap50,mh_nocons_minus_mae,boundary_f1_t4,0.054842499023076696
split_003,cap50,mh_nocons_minus_mae,vertical_boundary_position_mae,0.010857038402391606
split_003,cap50,mh_nocons_minus_mae,class_3_f1,0.012215166416576495
split_003,cap50,mh_nocons_minus_mae,class_3_iou,0.011220088419835794
split_003,cap50,mh_nocons_minus_mae,class_3_boundary_recall_t2,0.012134583563155
split_003,cap50,mh_nocons_minus_mae,class_3_boundary_recall_t4,0.009376723662437914
split_003,cap50,mh_nocons_minus_mae,class_5_f1,-0.001471092963698184
split_003,cap50,mh_nocons_minus_mae,class_5_iou,-0.0013367953567950952
split_003,cap50,mh_nocons_minus_mae,class_5_boundary_recall_t2,0.06164383561643835
split_003,cap50,mh_nocons_minus_mae,class_5_boundary_recall_t4,0.03767123287671231
split_003,cap50,m1_current_k6_minus_mae,macro_f1,0.00599796921267981
split_003,cap50,m1_current_k6_minus_mae,mean_iou,0.02320433336929717
split_003,cap50,m1_current_k6_minus_mae,balanced_accuracy,0.0067218185998448865
split_003,cap50,m1_current_k6_minus_mae,accuracy,0.028417547254055764
split_003,cap50,m1_current_k6_minus_mae,weighted_f1,0.03327987813649658
split_003,cap50,m1_current_k6_minus_mae,boundary_region_macro_f1_r2,0.06034788573859179
split_003,cap50,m1_current_k6_minus_mae,boundary_region_mean_iou_r2,0.05272956250105715
split_003,cap50,m1_current_k6_minus_mae,boundary_region_macro_f1_r4,0.06922551194574372
split_003,cap50,m1_current_k6_minus_mae,boundary_region_mean_iou_r4,0.06593410221796536
split_003,cap50,m1_current_k6_minus_mae,boundary_f1_t2,0.0857078384551117
split_003,cap50,m1_current_k6_minus_mae,boundary_f1_t4,0.12605287191154652
split_003,cap50,m1_current_k6_minus_mae,vertical_boundary_position_mae,-0.09239218638598068
split_003,cap50,m1_current_k6_minus_mae,class_3_f1,-0.05435058265424969
split_003,cap50,m1_current_k6_minus_mae,class_3_iou,-0.04775961905988302
split_003,cap50,m1_current_k6_minus_mae,class_3_boundary_recall_t2,-0.13348041919470488
split_003,cap50,m1_current_k6_minus_mae,class_3_boundary_recall_t4,-0.1384445670159956
split_003,cap50,m1_current_k6_minus_mae,class_5_f1,-0.1026251576710191
split_003,cap50,m1_current_k6_minus_mae,class_5_iou,-0.08730647032038175
split_003,cap50,m1_current_k6_minus_mae,class_5_boundary_recall_t2,-0.07534246575342465
split_003,cap50,m1_current_k6_minus_mae,class_5_boundary_recall_t4,-0.0821917808219178
split_004,cap25,mh_nocons_minus_m1_current_k6,macro_f1,-0.0015336879075077414
split_004,cap25,mh_nocons_minus_m1_current_k6,mean_iou,-0.0014557215563187342
split_004,cap25,mh_nocons_minus_m1_current_k6,balanced_accuracy,-0.03465087056026417
split_004,cap25,mh_nocons_minus_m1_current_k6,accuracy,0.0188346480130972
split_004,cap25,mh_nocons_minus_m1_current_k6,weighted_f1,0.006237489028543375
split_004,cap25,mh_nocons_minus_m1_current_k6,boundary_region_macro_f1_r2,-0.01448732990898366
split_004,cap25,mh_nocons_minus_m1_current_k6,boundary_region_mean_iou_r2,-0.007285663369084261
split_004,cap25,mh_nocons_minus_m1_current_k6,boundary_region_macro_f1_r4,-0.017616246205020725
split_004,cap25,mh_nocons_minus_m1_current_k6,boundary_region_mean_iou_r4,-0.01000999951281939
split_004,cap25,mh_nocons_minus_m1_current_k6,boundary_f1_t2,0.036064099434654134
split_004,cap25,mh_nocons_minus_m1_current_k6,boundary_f1_t4,0.02995552352133235
split_004,cap25,mh_nocons_minus_m1_current_k6,vertical_boundary_position_mae,0.14788647043635228
split_004,cap25,mh_nocons_minus_m1_current_k6,class_3_f1,0.0208913496002629
split_004,cap25,mh_nocons_minus_m1_current_k6,class_3_iou,0.016675517955609565
split_004,cap25,mh_nocons_minus_m1_current_k6,class_3_boundary_recall_t2,0.039865715484683206
split_004,cap25,mh_nocons_minus_m1_current_k6,class_3_boundary_recall_t4,0.0671422576584137
split_004,cap25,mh_nocons_minus_m1_current_k6,class_5_f1,-0.050573890780002184
split_004,cap25,mh_nocons_minus_m1_current_k6,class_5_iou,-0.03987976144029129
split_004,cap25,mh_nocons_minus_m1_current_k6,class_5_boundary_recall_t2,-0.012307692307692297
split_004,cap25,mh_nocons_minus_m1_current_k6,class_5_boundary_recall_t4,-0.04307692307692307
split_004,cap25,mh_nocons_minus_mae,macro_f1,0.03116357098003686
split_004,cap25,mh_nocons_minus_mae,mean_iou,0.03766430174651375
split_004,cap25,mh_nocons_minus_mae,balanced_accuracy,0.001983526932614277
split_004,cap25,mh_nocons_minus_mae,accuracy,0.052113409733591354
split_004,cap25,mh_nocons_minus_mae,weighted_f1,0.04243254594164303
split_004,cap25,mh_nocons_minus_mae,boundary_region_macro_f1_r2,0.028566839142444678
split_004,cap25,mh_nocons_minus_mae,boundary_region_mean_iou_r2,0.026900751473961926
split_004,cap25,mh_nocons_minus_mae,boundary_region_macro_f1_r4,0.0231956053083176
split_004,cap25,mh_nocons_minus_mae,boundary_region_mean_iou_r4,0.024237025187346717
split_004,cap25,mh_nocons_minus_mae,boundary_f1_t2,0.04036917824854025
split_004,cap25,mh_nocons_minus_mae,boundary_f1_t4,0.06816127177154746
split_004,cap25,mh_nocons_minus_mae,vertical_boundary_position_mae,-0.05164778794483449
split_004,cap25,mh_nocons_minus_mae,class_3_f1,0.06970622611577826
split_004,cap25,mh_nocons_minus_mae,class_3_iou,0.0539857609042034
split_004,cap25,mh_nocons_minus_mae,class_3_boundary_recall_t2,0.03524968527066724
split_004,cap25,mh_nocons_minus_mae,class_3_boundary_recall_t4,0.06252622744439779
split_004,cap25,mh_nocons_minus_mae,class_5_f1,0.0034302038576903837
split_004,cap25,mh_nocons_minus_mae,class_5_iou,0.0026147825673103753
split_004,cap25,mh_nocons_minus_mae,class_5_boundary_recall_t2,0.027692307692307683
split_004,cap25,mh_nocons_minus_mae,class_5_boundary_recall_t4,0.009230769230769265
split_004,cap25,m1_current_k6_minus_mae,macro_f1,0.0326972588875446
split_004,cap25,m1_current_k6_minus_mae,mean_iou,0.039120023302832485
split_004,cap25,m1_current_k6_minus_mae,balanced_accuracy,0.036634397492878445
split_004,cap25,m1_current_k6_minus_mae,accuracy,0.033278761720494154
split_004,cap25,m1_current_k6_minus_mae,weighted_f1,0.036195056913099655
split_004,cap25,m1_current_k6_minus_mae,boundary_region_macro_f1_r2,0.04305416905142834
split_004,cap25,m1_current_k6_minus_mae,boundary_region_mean_iou_r2,0.03418641484304619
split_004,cap25,m1_current_k6_minus_mae,boundary_region_macro_f1_r4,0.040811851513338326
split_004,cap25,m1_current_k6_minus_mae,boundary_region_mean_iou_r4,0.03424702470016611
split_004,cap25,m1_current_k6_minus_mae,boundary_f1_t2,0.004305078813886115
split_004,cap25,m1_current_k6_minus_mae,boundary_f1_t4,0.03820574825021511
split_004,cap25,m1_current_k6_minus_mae,vertical_boundary_position_mae,-0.19953425838118677
split_004,cap25,m1_current_k6_minus_mae,class_3_f1,0.04881487651551536
split_004,cap25,m1_current_k6_minus_mae,class_3_iou,0.037310242948593836
split_004,cap25,m1_current_k6_minus_mae,class_3_boundary_recall_t2,-0.004616030214015965
split_004,cap25,m1_current_k6_minus_mae,class_3_boundary_recall_t4,-0.004616030214015909
split_004,cap25,m1_current_k6_minus_mae,class_5_f1,0.05400409463769257
split_004,cap25,m1_current_k6_minus_mae,class_5_iou,0.042494544007601665
split_004,cap25,m1_current_k6_minus_mae,class_5_boundary_recall_t2,0.03999999999999998
split_004,cap25,m1_current_k6_minus_mae,class_5_boundary_recall_t4,0.05230769230769233
split_004,cap50,mh_nocons_minus_m1_current_k6,macro_f1,0.016032583601729766
split_004,cap50,mh_nocons_minus_m1_current_k6,mean_iou,0.02086254678018007
split_004,cap50,mh_nocons_minus_m1_current_k6,balanced_accuracy,0.0257581973816996
split_004,cap50,mh_nocons_minus_m1_current_k6,accuracy,0.004251004613781806
split_004,cap50,mh_nocons_minus_m1_current_k6,weighted_f1,0.010395291028787113
split_004,cap50,mh_nocons_minus_m1_current_k6,boundary_region_macro_f1_r2,0.011795351508464058
split_004,cap50,mh_nocons_minus_m1_current_k6,boundary_region_mean_iou_r2,0.011977192438320738
split_004,cap50,mh_nocons_minus_m1_current_k6,boundary_region_macro_f1_r4,0.024744420773952336
split_004,cap50,mh_nocons_minus_m1_current_k6,boundary_region_mean_iou_r4,0.027918602639014134
split_004,cap50,mh_nocons_minus_m1_current_k6,boundary_f1_t2,0.03654916441616529
split_004,cap50,mh_nocons_minus_m1_current_k6,boundary_f1_t4,0.06407683081673704
split_004,cap50,mh_nocons_minus_m1_current_k6,vertical_boundary_position_mae,-0.10501123978789084
split_004,cap50,mh_nocons_minus_m1_current_k6,class_3_f1,0.019133891788962742
split_004,cap50,mh_nocons_minus_m1_current_k6,class_3_iou,0.018291858887347023
split_004,cap50,mh_nocons_minus_m1_current_k6,class_3_boundary_recall_t2,-0.037347880822492685
split_004,cap50,mh_nocons_minus_m1_current_k6,class_3_boundary_recall_t4,-0.013008812421317684
split_004,cap50,mh_nocons_minus_m1_current_k6,class_5_f1,-0.06319627384359572
split_004,cap50,mh_nocons_minus_m1_current_k6,class_5_iou,-0.049834029386335466
split_004,cap50,mh_nocons_minus_m1_current_k6,class_5_boundary_recall_t2,-0.06461538461538457
split_004,cap50,mh_nocons_minus_m1_current_k6,class_5_boundary_recall_t4,-0.11692307692307696
split_004,cap50,mh_nocons_minus_mae,macro_f1,0.025015736306930214
split_004,cap50,mh_nocons_minus_mae,mean_iou,0.03436104444074284
split_004,cap50,mh_nocons_minus_mae,balanced_accuracy,0.04108779140460128
split_004,cap50,mh_nocons_minus_mae,accuracy,0.019869028129185895
split_004,cap50,mh_nocons_minus_mae,weighted_f1,0.02584822848414603
split_004,cap50,mh_nocons_minus_mae,boundary_region_macro_f1_r2,0.06837051849260606
split_004,cap50,mh_nocons_minus_mae,boundary_region_mean_iou_r2,0.06189173607746545
split_004,cap50,mh_nocons_minus_mae,boundary_region_macro_f1_r4,0.06771062913418419
split_004,cap50,mh_nocons_minus_mae,boundary_region_mean_iou_r4,0.06805872660782686
split_004,cap50,mh_nocons_minus_mae,boundary_f1_t2,0.04126807649482006
split_004,cap50,mh_nocons_minus_mae,boundary_f1_t4,0.03356663830075485
split_004,cap50,mh_nocons_minus_mae,vertical_boundary_position_mae,0.09947480331744352
split_004,cap50,mh_nocons_minus_mae,class_3_f1,0.02833091158699852
split_004,cap50,mh_nocons_minus_mae,class_3_iou,0.026914134541958845
split_004,cap50,mh_nocons_minus_mae,class_3_boundary_recall_t2,0.06966009232060427
split_004,cap50,mh_nocons_minus_mae,class_3_boundary_recall_t4,0.05329416701636591
split_004,cap50,mh_nocons_minus_mae,class_5_f1,-0.05033329494390709
split_004,cap50,mh_nocons_minus_mae,class_5_iou,-0.039366474070382906
split_004,cap50,mh_nocons_minus_mae,class_5_boundary_recall_t2,0.049230769230769245
split_004,cap50,mh_nocons_minus_mae,class_5_boundary_recall_t4,0.049230769230769245
split_004,cap50,m1_current_k6_minus_mae,macro_f1,0.008983152705200448
split_004,cap50,m1_current_k6_minus_mae,mean_iou,0.01349849766056277
split_004,cap50,m1_current_k6_minus_mae,balanced_accuracy,0.015329594022901682
split_004,cap50,m1_current_k6_minus_mae,accuracy,0.01561802351540409
split_004,cap50,m1_current_k6_minus_mae,weighted_f1,0.015452937455358917
split_004,cap50,m1_current_k6_minus_mae,boundary_region_macro_f1_r2,0.056575166984142
split_004,cap50,m1_current_k6_minus_mae,boundary_region_mean_iou_r2,0.049914543639144715
split_004,cap50,m1_current_k6_minus_mae,boundary_region_macro_f1_r4,0.04296620836023185
split_004,cap50,m1_current_k6_minus_mae,boundary_region_mean_iou_r4,0.040140123968812724
split_004,cap50,m1_current_k6_minus_mae,boundary_f1_t2,0.004718912078654769
split_004,cap50,m1_current_k6_minus_mae,boundary_f1_t4,-0.030510192515982193
split_004,cap50,m1_current_k6_minus_mae,vertical_boundary_position_mae,0.20448604310533436
split_004,cap50,m1_current_k6_minus_mae,class_3_f1,0.009197019798035777
split_004,cap50,m1_current_k6_minus_mae,class_3_iou,0.008622275654611822
split_004,cap50,m1_current_k6_minus_mae,class_3_boundary_recall_t2,0.10700797314309696
split_004,cap50,m1_current_k6_minus_mae,class_3_boundary_recall_t4,0.0663029794376836
split_004,cap50,m1_current_k6_minus_mae,class_5_f1,0.012862978899688626
split_004,cap50,m1_current_k6_minus_mae,class_5_iou,0.01046755531595256
split_004,cap50,m1_current_k6_minus_mae,class_5_boundary_recall_t2,0.11384615384615382
split_004,cap50,m1_current_k6_minus_mae,class_5_boundary_recall_t4,0.1661538461538462
split_005,cap25,mh_nocons_minus_m1_current_k6,macro_f1,0.003388414021957442
split_005,cap25,mh_nocons_minus_m1_current_k6,mean_iou,0.007540897920006007
split_005,cap25,mh_nocons_minus_m1_current_k6,balanced_accuracy,0.037276774912235244
split_005,cap25,mh_nocons_minus_m1_current_k6,accuracy,0.0026612103174602497
split_005,cap25,mh_nocons_minus_m1_current_k6,weighted_f1,0.010073754069457541
split_005,cap25,mh_nocons_minus_m1_current_k6,boundary_region_macro_f1_r2,0.006247971850677325
split_005,cap25,mh_nocons_minus_m1_current_k6,boundary_region_mean_iou_r2,0.0039753088360039435
split_005,cap25,mh_nocons_minus_m1_current_k6,boundary_region_macro_f1_r4,0.0072747155544020115
split_005,cap25,mh_nocons_minus_m1_current_k6,boundary_region_mean_iou_r4,0.005322098062585157
split_005,cap25,mh_nocons_minus_m1_current_k6,boundary_f1_t2,0.004924131304363727
split_005,cap25,mh_nocons_minus_m1_current_k6,boundary_f1_t4,0.01456447115480275
split_005,cap25,mh_nocons_minus_m1_current_k6,vertical_boundary_position_mae,-0.06531135788585907
split_005,cap25,mh_nocons_minus_m1_current_k6,class_3_f1,-0.049950251565340664
split_005,cap25,mh_nocons_minus_m1_current_k6,class_3_iou,-0.038524589439099644
split_005,cap25,mh_nocons_minus_m1_current_k6,class_3_boundary_recall_t2,0.005015673981191238
split_005,cap25,mh_nocons_minus_m1_current_k6,class_3_boundary_recall_t4,-0.021316614420062663
split_005,cap25,mh_nocons_minus_m1_current_k6,class_5_f1,-0.040389368122717595
split_005,cap25,mh_nocons_minus_m1_current_k6,class_5_iou,-0.028181877943983275
split_005,cap25,mh_nocons_minus_m1_current_k6,class_5_boundary_recall_t2,-0.0958904109589041
split_005,cap25,mh_nocons_minus_m1_current_k6,class_5_boundary_recall_t4,-0.0547945205479452
split_005,cap25,mh_nocons_minus_mae,macro_f1,0.06109504752980255
split_005,cap25,mh_nocons_minus_mae,mean_iou,0.06969401929956842
split_005,cap25,mh_nocons_minus_mae,balanced_accuracy,0.07761460540000387
split_005,cap25,mh_nocons_minus_mae,accuracy,0.058908730158730105
split_005,cap25,mh_nocons_minus_mae,weighted_f1,0.0758417354743246
split_005,cap25,mh_nocons_minus_mae,boundary_region_macro_f1_r2,0.033878913895676266
split_005,cap25,mh_nocons_minus_mae,boundary_region_mean_iou_r2,0.02284244920518011
split_005,cap25,mh_nocons_minus_mae,boundary_region_macro_f1_r4,0.04367373560766202
split_005,cap25,mh_nocons_minus_mae,boundary_region_mean_iou_r4,0.031753036148506
split_005,cap25,mh_nocons_minus_mae,boundary_f1_t2,0.01042564813164193
split_005,cap25,mh_nocons_minus_mae,boundary_f1_t4,0.0374477952948693
split_005,cap25,mh_nocons_minus_mae,vertical_boundary_position_mae,-0.11358980099963145
split_005,cap25,mh_nocons_minus_mae,class_3_f1,0.10666947260758736
split_005,cap25,mh_nocons_minus_mae,class_3_iou,0.07487380875202093
split_005,cap25,mh_nocons_minus_mae,class_3_boundary_recall_t2,0.15297805642633228
split_005,cap25,mh_nocons_minus_mae,class_3_boundary_recall_t4,0.22570532915360503
split_005,cap25,mh_nocons_minus_mae,class_5_f1,-0.08014043324181275
split_005,cap25,mh_nocons_minus_mae,class_5_iou,-0.057279394772819126
split_005,cap25,mh_nocons_minus_mae,class_5_boundary_recall_t2,-0.045662100456621
split_005,cap25,mh_nocons_minus_mae,class_5_boundary_recall_t4,-0.0182648401826484
split_005,cap25,m1_current_k6_minus_mae,macro_f1,0.057706633507845106
split_005,cap25,m1_current_k6_minus_mae,mean_iou,0.062153121379562415
split_005,cap25,m1_current_k6_minus_mae,balanced_accuracy,0.04033783048776862
split_005,cap25,m1_current_k6_minus_mae,accuracy,0.056247519841269855
split_005,cap25,m1_current_k6_minus_mae,weighted_f1,0.06576798140486706
split_005,cap25,m1_current_k6_minus_mae,boundary_region_macro_f1_r2,0.02763094204499894
split_005,cap25,m1_current_k6_minus_mae,boundary_region_mean_iou_r2,0.018867140369176166
split_005,cap25,m1_current_k6_minus_mae,boundary_region_macro_f1_r4,0.03639902005326001
split_005,cap25,m1_current_k6_minus_mae,boundary_region_mean_iou_r4,0.02643093808592084
split_005,cap25,m1_current_k6_minus_mae,boundary_f1_t2,0.005501516827278202
split_005,cap25,m1_current_k6_minus_mae,boundary_f1_t4,0.022883324140066552
split_005,cap25,m1_current_k6_minus_mae,vertical_boundary_position_mae,-0.048278443113772385
split_005,cap25,m1_current_k6_minus_mae,class_3_f1,0.15661972417292802
split_005,cap25,m1_current_k6_minus_mae,class_3_iou,0.11339839819112058
split_005,cap25,m1_current_k6_minus_mae,class_3_boundary_recall_t2,0.14796238244514104
split_005,cap25,m1_current_k6_minus_mae,class_3_boundary_recall_t4,0.2470219435736677
split_005,cap25,m1_current_k6_minus_mae,class_5_f1,-0.03975106511909515
split_005,cap25,m1_current_k6_minus_mae,class_5_iou,-0.02909751682883585
split_005,cap25,m1_current_k6_minus_mae,class_5_boundary_recall_t2,0.0502283105022831
split_005,cap25,m1_current_k6_minus_mae,class_5_boundary_recall_t4,0.0365296803652968
split_005,cap50,mh_nocons_minus_m1_current_k6,macro_f1,0.02929815146832837
split_005,cap50,mh_nocons_minus_m1_current_k6,mean_iou,0.03277211761812315
split_005,cap50,mh_nocons_minus_m1_current_k6,balanced_accuracy,0.018239748037562342
split_005,cap50,mh_nocons_minus_m1_current_k6,accuracy,0.027366071428571503
split_005,cap50,mh_nocons_minus_m1_current_k6,weighted_f1,0.025419198824763067
split_005,cap50,mh_nocons_minus_m1_current_k6,boundary_region_macro_f1_r2,0.027008021364917534
split_005,cap50,mh_nocons_minus_m1_current_k6,boundary_region_mean_iou_r2,0.0187416201810785
split_005,cap50,mh_nocons_minus_m1_current_k6,boundary_region_macro_f1_r4,0.024721340973606565
split_005,cap50,mh_nocons_minus_m1_current_k6,boundary_region_mean_iou_r4,0.018825810236872575
split_005,cap50,mh_nocons_minus_m1_current_k6,boundary_f1_t2,0.050795299336662936
split_005,cap50,mh_nocons_minus_m1_current_k6,boundary_f1_t4,0.07193956691022924
split_005,cap50,mh_nocons_minus_m1_current_k6,vertical_boundary_position_mae,-0.032391803723218704
split_005,cap50,mh_nocons_minus_m1_current_k6,class_3_f1,-0.020467152742434325
split_005,cap50,mh_nocons_minus_m1_current_k6,class_3_iou,-0.018096009170473604
split_005,cap50,mh_nocons_minus_m1_current_k6,class_3_boundary_recall_t2,-0.028840125391849547
split_005,cap50,mh_nocons_minus_m1_current_k6,class_3_boundary_recall_t4,-0.004388714733542298
split_005,cap50,mh_nocons_minus_m1_current_k6,class_5_f1,0.03873428957251124
split_005,cap50,mh_nocons_minus_m1_current_k6,class_5_iou,0.03179380492568107
split_005,cap50,mh_nocons_minus_m1_current_k6,class_5_boundary_recall_t2,-0.0182648401826484
split_005,cap50,mh_nocons_minus_m1_current_k6,class_5_boundary_recall_t4,-0.0182648401826484
split_005,cap50,mh_nocons_minus_mae,macro_f1,-0.0043892505196531095
split_005,cap50,mh_nocons_minus_mae,mean_iou,0.003957495654347998
split_005,cap50,mh_nocons_minus_mae,balanced_accuracy,-0.004049622035543821
split_005,cap50,mh_nocons_minus_mae,accuracy,0.01831845238095242
split_005,cap50,mh_nocons_minus_mae,weighted_f1,0.018739179445372955
split_005,cap50,mh_nocons_minus_mae,boundary_region_macro_f1_r2,0.006817308151852441
split_005,cap50,mh_nocons_minus_mae,boundary_region_mean_iou_r2,0.0047327059825126305
split_005,cap50,mh_nocons_minus_mae,boundary_region_macro_f1_r4,0.006440832271963015
split_005,cap50,mh_nocons_minus_mae,boundary_region_mean_iou_r4,0.006122675853597492
split_005,cap50,mh_nocons_minus_mae,boundary_f1_t2,0.029190254091375656
split_005,cap50,mh_nocons_minus_mae,boundary_f1_t4,0.03178187744125072
split_005,cap50,mh_nocons_minus_mae,vertical_boundary_position_mae,0.04974336283640213
split_005,cap50,mh_nocons_minus_mae,class_3_f1,-0.0661673448857995
split_005,cap50,mh_nocons_minus_mae,class_3_iou,-0.06034800125198536
split_005,cap50,mh_nocons_minus_mae,class_3_boundary_recall_t2,0.06645768025078369
split_005,cap50,mh_nocons_minus_mae,class_3_boundary_recall_t4,0.07272727272727275
split_005,cap50,mh_nocons_minus_mae,class_5_f1,-0.06312718184794863
split_005,cap50,mh_nocons_minus_mae,class_5_iou,-0.055385592693759755
split_005,cap50,mh_nocons_minus_mae,class_5_boundary_recall_t2,-0.0684931506849315
split_005,cap50,mh_nocons_minus_mae,class_5_boundary_recall_t4,-0.0958904109589041
split_005,cap50,m1_current_k6_minus_mae,macro_f1,-0.03368740198798148
split_005,cap50,m1_current_k6_minus_mae,mean_iou,-0.028814621963775155
split_005,cap50,m1_current_k6_minus_mae,balanced_accuracy,-0.022289370073106163
split_005,cap50,m1_current_k6_minus_mae,accuracy,-0.009047619047619082
split_005,cap50,m1_current_k6_minus_mae,weighted_f1,-0.006680019379390112
split_005,cap50,m1_current_k6_minus_mae,boundary_region_macro_f1_r2,-0.020190713213065092
split_005,cap50,m1_current_k6_minus_mae,boundary_region_mean_iou_r2,-0.01400891419856587
split_005,cap50,m1_current_k6_minus_mae,boundary_region_macro_f1_r4,-0.01828050870164355
split_005,cap50,m1_current_k6_minus_mae,boundary_region_mean_iou_r4,-0.012703134383275083
split_005,cap50,m1_current_k6_minus_mae,boundary_f1_t2,-0.02160504524528728
split_005,cap50,m1_current_k6_minus_mae,boundary_f1_t4,-0.04015768946897852
split_005,cap50,m1_current_k6_minus_mae,vertical_boundary_position_mae,0.08213516655962083
split_005,cap50,m1_current_k6_minus_mae,class_3_f1,-0.04570019214336518
split_005,cap50,m1_current_k6_minus_mae,class_3_iou,-0.04225199208151176
split_005,cap50,m1_current_k6_minus_mae,class_3_boundary_recall_t2,0.09529780564263324
split_005,cap50,m1_current_k6_minus_mae,class_3_boundary_recall_t4,0.07711598746081505
split_005,cap50,m1_current_k6_minus_mae,class_5_f1,-0.10186147142045987
split_005,cap50,m1_current_k6_minus_mae,class_5_iou,-0.08717939761944082
split_005,cap50,m1_current_k6_minus_mae,class_5_boundary_recall_t2,-0.0502283105022831
split_005,cap50,m1_current_k6_minus_mae,class_5_boundary_recall_t4,-0.0776255707762557
