split_id,comparison,metric,baseline,candidate,delta,win
split_000,v0_candidate_minus_baseline,macro_f1,0.731535998709172,0.734069031370232,0.002533032661060086,True
split_000,v1_candidate_minus_baseline,macro_f1,0.8771120148446268,0.8809248525497031,0.003812837705076344,True
split_000,baseline_v1_minus_v0,macro_f1,0.731535998709172,0.8771120148446268,0.1455760161354548,
split_000,candidate_v1_minus_v0,macro_f1,0.734069031370232,0.8809248525497031,0.14685582117947105,
split_000,v0_candidate_minus_baseline,mean_iou,0.6204280104263012,0.6225491650329591,0.002121154606657849,True
split_000,v1_candidate_minus_baseline,mean_iou,0.7963638070523422,0.8016092583276375,0.005245451275295299,True
split_000,baseline_v1_minus_v0,mean_iou,0.6204280104263012,0.7963638070523422,0.17593579662604097,
split_000,candidate_v1_minus_v0,mean_iou,0.6225491650329591,0.8016092583276375,0.17906009329467842,
split_000,v0_candidate_minus_baseline,balanced_accuracy,0.7995699295359149,0.8041488348025626,0.004578905266647726,True
split_000,v1_candidate_minus_baseline,balanced_accuracy,0.9152757626280182,0.9085662321037452,-0.006709530524273033,False
split_000,baseline_v1_minus_v0,balanced_accuracy,0.7995699295359149,0.9152757626280182,0.11570583309210336,
split_000,candidate_v1_minus_v0,balanced_accuracy,0.8041488348025626,0.9085662321037452,0.1044173973011826,
split_000,v0_candidate_minus_baseline,boundary_region_macro_f1_radius_2,0.48045702194819495,0.479036647425279,-0.0014203745229159348,False
split_000,v1_candidate_minus_baseline,boundary_region_macro_f1_radius_2,0.6239938412564116,0.6464254806344228,0.022431639378011292,True
split_000,baseline_v1_minus_v0,boundary_region_macro_f1_radius_2,0.48045702194819495,0.6239938412564116,0.1435368193082166,
split_000,candidate_v1_minus_v0,boundary_region_macro_f1_radius_2,0.479036647425279,0.6464254806344228,0.16738883320914383,
split_000,v0_candidate_minus_baseline,boundary_region_mean_iou_radius_2,0.32855416545253857,0.3272889263262489,-0.0012652391262896745,False
split_000,v1_candidate_minus_baseline,boundary_region_mean_iou_radius_2,0.46149229856291285,0.48803185558080725,0.0265395570178944,True
split_000,baseline_v1_minus_v0,boundary_region_mean_iou_radius_2,0.32855416545253857,0.46149229856291285,0.13293813311037428,
split_000,candidate_v1_minus_v0,boundary_region_mean_iou_radius_2,0.3272889263262489,0.48803185558080725,0.16074292925455835,
split_000,v0_candidate_minus_baseline,boundary_region_macro_f1_radius_4,0.5504665033202526,0.5496896656004298,-0.0007768377198228427,False
split_000,v1_candidate_minus_baseline,boundary_region_macro_f1_radius_4,0.7109003549356648,0.7220171792446531,0.011116824308988305,True
split_000,baseline_v1_minus_v0,boundary_region_macro_f1_radius_4,0.5504665033202526,0.7109003549356648,0.16043385161541224,
split_000,candidate_v1_minus_v0,boundary_region_macro_f1_radius_4,0.5496896656004298,0.7220171792446531,0.17232751364422338,
split_000,v0_candidate_minus_baseline,boundary_region_mean_iou_radius_4,0.39707686457362956,0.39632196327868474,-0.0007549012949448208,False
split_000,v1_candidate_minus_baseline,boundary_region_mean_iou_radius_4,0.5606836922724946,0.5765306947045823,0.015847002432087698,True
split_000,baseline_v1_minus_v0,boundary_region_mean_iou_radius_4,0.39707686457362956,0.5606836922724946,0.16360682769886503,
split_000,candidate_v1_minus_v0,boundary_region_mean_iou_radius_4,0.39632196327868474,0.5765306947045823,0.18020873142589755,
split_000,v0_candidate_minus_baseline,vertical_boundary_f1_tolerance_2,0.3629292143571508,0.3637682777095658,0.0008390633524150148,True
split_000,v1_candidate_minus_baseline,vertical_boundary_f1_tolerance_2,0.6241096626797473,0.6257717062918692,0.0016620436121218551,True
split_000,baseline_v1_minus_v0,vertical_boundary_f1_tolerance_2,0.3629292143571508,0.6241096626797473,0.2611804483225965,
split_000,candidate_v1_minus_v0,vertical_boundary_f1_tolerance_2,0.3637682777095658,0.6257717062918692,0.26200342858230335,
split_000,v0_candidate_minus_baseline,vertical_boundary_f1_tolerance_4,0.5453939326591843,0.5452617479629422,-0.00013218469624209916,False
split_000,v1_candidate_minus_baseline,vertical_boundary_f1_tolerance_4,0.7887380728396721,0.7719690003940628,-0.016769072445609323,False
split_000,baseline_v1_minus_v0,vertical_boundary_f1_tolerance_4,0.5453939326591843,0.7887380728396721,0.24334414018048778,
split_000,candidate_v1_minus_v0,vertical_boundary_f1_tolerance_4,0.5452617479629422,0.7719690003940628,0.22670725243112055,
split_000,v0_candidate_minus_baseline,boundary_position_mae,1.9598614506927465,1.953940634595701,-0.005920816097045423,True
split_000,v1_candidate_minus_baseline,boundary_position_mae,1.5563128301243823,1.4614599285349668,-0.0948529015894155,True
split_000,baseline_v1_minus_v0,boundary_position_mae,1.9598614506927465,1.5563128301243823,-0.40354862056836427,
split_000,candidate_v1_minus_v0,boundary_position_mae,1.953940634595701,1.4614599285349668,-0.49248070606073435,
split_000,v0_candidate_minus_baseline,class_3_f1,0.5139769566944775,0.5211395448827173,0.007162588188239782,True
split_000,v1_candidate_minus_baseline,class_3_f1,0.8294123603469808,0.831008996354637,0.0015966360076561381,True
split_000,baseline_v1_minus_v0,class_3_f1,0.5139769566944775,0.8294123603469808,0.31543540365250333,
split_000,candidate_v1_minus_v0,class_3_f1,0.5211395448827173,0.831008996354637,0.3098694514719197,
split_000,v0_candidate_minus_baseline,class_3_iou,0.34587414980536424,0.35239264332170395,0.006518493516339707,True
split_000,v1_candidate_minus_baseline,class_3_iou,0.7085435829416683,0.710877152829433,0.002333569887764675,True
split_000,baseline_v1_minus_v0,class_3_iou,0.34587414980536424,0.7085435829416683,0.36266943313630406,
split_000,candidate_v1_minus_v0,class_3_iou,0.35239264332170395,0.710877152829433,0.35848450950772903,
split_000,v0_candidate_minus_baseline,class_3_boundary_recall_tolerance_2,0.3169243287225387,0.3148901545972335,-0.002034174125305155,False
split_000,v1_candidate_minus_baseline,class_3_boundary_recall_tolerance_2,0.6643612693246542,0.7473555736371034,0.08299430431244914,True
split_000,baseline_v1_minus_v0,class_3_boundary_recall_tolerance_2,0.3169243287225387,0.6643612693246542,0.34743694060211555,
split_000,candidate_v1_minus_v0,class_3_boundary_recall_tolerance_2,0.3148901545972335,0.7473555736371034,0.43246541903986985,
split_000,v0_candidate_minus_baseline,class_3_boundary_recall_tolerance_4,0.48291293734743695,0.4755899104963385,-0.00732302685109848,False
split_000,v1_candidate_minus_baseline,class_3_boundary_recall_tolerance_4,0.7961757526444264,0.8543531326281529,0.05817737998372652,True
split_000,baseline_v1_minus_v0,class_3_boundary_recall_tolerance_4,0.48291293734743695,0.7961757526444264,0.31326281529698946,
split_000,candidate_v1_minus_v0,class_3_boundary_recall_tolerance_4,0.4755899104963385,0.8543531326281529,0.37876322213181446,
split_000,v0_candidate_minus_baseline,class_5_f1,0.3690744920993228,0.3774462624318255,0.008371770332502693,True
split_000,v1_candidate_minus_baseline,class_5_f1,0.6623859411963501,0.6746399176954733,0.012253976499123187,True
split_000,baseline_v1_minus_v0,class_5_f1,0.3690744920993228,0.6623859411963501,0.2933114490970273,
split_000,candidate_v1_minus_v0,class_5_f1,0.3774462624318255,0.6746399176954733,0.29719365526364777,
split_000,v0_candidate_minus_baseline,class_5_iou,0.22629757785467128,0.23262481463173504,0.0063272367770637605,True
split_000,v1_candidate_minus_baseline,class_5_iou,0.49519959575543204,0.5090238695905298,0.013824273835097767,True
split_000,baseline_v1_minus_v0,class_5_iou,0.22629757785467128,0.49519959575543204,0.26890201790076074,
split_000,candidate_v1_minus_v0,class_5_iou,0.23262481463173504,0.5090238695905298,0.2763990549587948,
split_000,v0_candidate_minus_baseline,class_5_boundary_recall_tolerance_2,0.20540540540540542,0.20540540540540542,0.0,False
split_000,v1_candidate_minus_baseline,class_5_boundary_recall_tolerance_2,0.2756756756756757,0.3783783783783784,0.10270270270270271,True
split_000,baseline_v1_minus_v0,class_5_boundary_recall_tolerance_2,0.20540540540540542,0.2756756756756757,0.07027027027027027,
split_000,candidate_v1_minus_v0,class_5_boundary_recall_tolerance_2,0.20540540540540542,0.3783783783783784,0.17297297297297298,
split_000,v0_candidate_minus_baseline,class_5_boundary_recall_tolerance_4,0.32432432432432434,0.32432432432432434,0.0,False
split_000,v1_candidate_minus_baseline,class_5_boundary_recall_tolerance_4,0.43783783783783786,0.5459459459459459,0.10810810810810806,True
split_000,baseline_v1_minus_v0,class_5_boundary_recall_tolerance_4,0.32432432432432434,0.43783783783783786,0.11351351351351352,
split_000,candidate_v1_minus_v0,class_5_boundary_recall_tolerance_4,0.32432432432432434,0.5459459459459459,0.22162162162162158,
split_001,v0_candidate_minus_baseline,macro_f1,0.6778207220842342,0.6817453258440525,0.00392460375981829,True
split_001,v1_candidate_minus_baseline,macro_f1,0.843684022607675,0.8527736384530065,0.009089615845331411,True
split_001,baseline_v1_minus_v0,macro_f1,0.6778207220842342,0.843684022607675,0.1658633005234409,
split_001,candidate_v1_minus_v0,macro_f1,0.6817453258440525,0.8527736384530065,0.17102831260895401,
split_001,v0_candidate_minus_baseline,mean_iou,0.5638519233702829,0.5669392758103179,0.003087352440034996,True
split_001,v1_candidate_minus_baseline,mean_iou,0.7465221296683223,0.7584007615208752,0.01187863185255289,True
split_001,baseline_v1_minus_v0,mean_iou,0.5638519233702829,0.7465221296683223,0.18267020629803943,
split_001,candidate_v1_minus_v0,mean_iou,0.5669392758103179,0.7584007615208752,0.19146148571055732,
split_001,v0_candidate_minus_baseline,balanced_accuracy,0.7363418301798367,0.74009318173789,0.003751351558053284,True
split_001,v1_candidate_minus_baseline,balanced_accuracy,0.8517012054249266,0.8460440354038895,-0.00565717002103705,False
split_001,baseline_v1_minus_v0,balanced_accuracy,0.7363418301798367,0.8517012054249266,0.11535937524508988,
split_001,candidate_v1_minus_v0,balanced_accuracy,0.74009318173789,0.8460440354038895,0.10595085366599954,
split_001,v0_candidate_minus_baseline,boundary_region_macro_f1_radius_2,0.46821442266230157,0.4684822960608886,0.0002678733985870263,True
split_001,v1_candidate_minus_baseline,boundary_region_macro_f1_radius_2,0.5582334620568242,0.5603387091134567,0.0021052470566325088,True
split_001,baseline_v1_minus_v0,boundary_region_macro_f1_radius_2,0.46821442266230157,0.5582334620568242,0.09001903939452266,
split_001,candidate_v1_minus_v0,boundary_region_macro_f1_radius_2,0.4684822960608886,0.5603387091134567,0.09185641305256814,
split_001,v0_candidate_minus_baseline,boundary_region_mean_iou_radius_2,0.31699260564228987,0.3170421268313764,4.9521189086521034e-05,True
split_001,v1_candidate_minus_baseline,boundary_region_mean_iou_radius_2,0.4051920041089328,0.4119529389079077,0.0067609347989748825,True
split_001,baseline_v1_minus_v0,boundary_region_mean_iou_radius_2,0.31699260564228987,0.4051920041089328,0.08819939846664293,
split_001,candidate_v1_minus_v0,boundary_region_mean_iou_radius_2,0.3170421268313764,0.4119529389079077,0.09491081207653129,
split_001,v0_candidate_minus_baseline,boundary_region_macro_f1_radius_4,0.5312378666919543,0.5294200152549202,-0.001817851437034057,False
split_001,v1_candidate_minus_baseline,boundary_region_macro_f1_radius_4,0.6384601500162023,0.6412399033126308,0.0027797532964285443,True
split_001,baseline_v1_minus_v0,boundary_region_macro_f1_radius_4,0.5312378666919543,0.6384601500162023,0.10722228332424799,
split_001,candidate_v1_minus_v0,boundary_region_macro_f1_radius_4,0.5294200152549202,0.6412399033126308,0.11181988805771059,
split_001,v0_candidate_minus_baseline,boundary_region_mean_iou_radius_4,0.3766933636477297,0.37524966803439236,-0.001443695613337348,False
split_001,v1_candidate_minus_baseline,boundary_region_mean_iou_radius_4,0.4910852619462967,0.501711363068056,0.010626101121759268,True
split_001,baseline_v1_minus_v0,boundary_region_mean_iou_radius_4,0.3766933636477297,0.4910852619462967,0.114391898298567,
split_001,candidate_v1_minus_v0,boundary_region_mean_iou_radius_4,0.37524966803439236,0.501711363068056,0.1264616950336636,
split_001,v0_candidate_minus_baseline,vertical_boundary_f1_tolerance_2,0.310711249645792,0.3109632629447498,0.00025201329895779834,True
split_001,v1_candidate_minus_baseline,vertical_boundary_f1_tolerance_2,0.5458904109589041,0.6084103272601675,0.06251991630126341,True
split_001,baseline_v1_minus_v0,vertical_boundary_f1_tolerance_2,0.310711249645792,0.5458904109589041,0.23517916131311212,
split_001,candidate_v1_minus_v0,vertical_boundary_f1_tolerance_2,0.3109632629447498,0.6084103272601675,0.29744706431541773,
split_001,v0_candidate_minus_baseline,vertical_boundary_f1_tolerance_4,0.49603287050155853,0.499421463696847,0.0033885931952884474,True
split_001,v1_candidate_minus_baseline,vertical_boundary_f1_tolerance_4,0.6993150684931507,0.7427683274328641,0.04345325893971341,True
split_001,baseline_v1_minus_v0,vertical_boundary_f1_tolerance_4,0.49603287050155853,0.6993150684931507,0.2032821979915922,
split_001,candidate_v1_minus_v0,vertical_boundary_f1_tolerance_4,0.499421463696847,0.7427683274328641,0.24334686373601716,
split_001,v0_candidate_minus_baseline,boundary_position_mae,2.0605541273921735,2.072690414132638,0.01213628674046463,False
split_001,v1_candidate_minus_baseline,boundary_position_mae,1.5697845249755142,1.4496628691002094,-0.12012165587530488,True
split_001,baseline_v1_minus_v0,boundary_position_mae,2.0605541273921735,1.5697845249755142,-0.49076960241665923,
split_001,candidate_v1_minus_v0,boundary_position_mae,2.072690414132638,1.4496628691002094,-0.6230275450324287,
split_001,v0_candidate_minus_baseline,class_3_f1,0.5006134969325153,0.4960457616707617,-0.004567735261753636,False
split_001,v1_candidate_minus_baseline,class_3_f1,0.6935225268558602,0.7300797030243477,0.036557176168487415,True
split_001,baseline_v1_minus_v0,class_3_f1,0.5006134969325153,0.6935225268558602,0.1929090299233449,
split_001,candidate_v1_minus_v0,class_3_f1,0.4960457616707617,0.7300797030243477,0.23403394135358596,
split_001,v0_candidate_minus_baseline,class_3_iou,0.33387888707037644,0.32982769623484365,-0.004051190835532792,False
split_001,v1_candidate_minus_baseline,class_3_iou,0.5308338958090446,0.5749019877570672,0.044068091948022636,True
split_001,baseline_v1_minus_v0,class_3_iou,0.33387888707037644,0.5308338958090446,0.19695500873866817,
split_001,candidate_v1_minus_v0,class_3_iou,0.32982769623484365,0.5749019877570672,0.2450742915222236,
split_001,v0_candidate_minus_baseline,class_3_boundary_recall_tolerance_2,0.2836052836052836,0.2766122766122766,-0.006993006993006978,False
split_001,v1_candidate_minus_baseline,class_3_boundary_recall_tolerance_2,0.5982905982905983,0.6231546231546231,0.024864024864024836,True
split_001,baseline_v1_minus_v0,class_3_boundary_recall_tolerance_2,0.2836052836052836,0.5982905982905983,0.3146853146853147,
split_001,candidate_v1_minus_v0,class_3_boundary_recall_tolerance_2,0.2766122766122766,0.6231546231546231,0.3465423465423465,
split_001,v0_candidate_minus_baseline,class_3_boundary_recall_tolerance_4,0.439005439005439,0.42657342657342656,-0.012432012432012418,False
split_001,v1_candidate_minus_baseline,class_3_boundary_recall_tolerance_4,0.7233877233877234,0.7575757575757576,0.03418803418803418,True
split_001,baseline_v1_minus_v0,class_3_boundary_recall_tolerance_4,0.439005439005439,0.7233877233877234,0.2843822843822844,
split_001,candidate_v1_minus_v0,class_3_boundary_recall_tolerance_4,0.42657342657342656,0.7575757575757576,0.331002331002331,
split_001,v0_candidate_minus_baseline,class_5_f1,0.4686842943612615,0.4699536772637858,0.0012693829025242631,True
split_001,v1_candidate_minus_baseline,class_5_f1,0.7082854244166384,0.7380146644106035,0.02972923999396504,True
split_001,baseline_v1_minus_v0,class_5_f1,0.4686842943612615,0.7082854244166384,0.23960113005537692,
split_001,candidate_v1_minus_v0,class_5_f1,0.4699536772637858,0.7380146644106035,0.2680609871468177,
split_001,v0_candidate_minus_baseline,class_5_iou,0.30606640592493967,0.30714996682149964,0.0010835608965599763,True
split_001,v1_candidate_minus_baseline,class_5_iou,0.5483296680280658,0.584804469273743,0.036474801245677146,True
split_001,baseline_v1_minus_v0,class_5_iou,0.30606640592493967,0.5483296680280658,0.24226326210312615,
split_001,candidate_v1_minus_v0,class_5_iou,0.30714996682149964,0.584804469273743,0.2776545024522433,
split_001,v0_candidate_minus_baseline,class_5_boundary_recall_tolerance_2,0.2617801047120419,0.21465968586387435,-0.04712041884816753,False
split_001,v1_candidate_minus_baseline,class_5_boundary_recall_tolerance_2,0.13089005235602094,0.09947643979057591,-0.03141361256544503,False
split_001,baseline_v1_minus_v0,class_5_boundary_recall_tolerance_2,0.2617801047120419,0.13089005235602094,-0.13089005235602094,
split_001,candidate_v1_minus_v0,class_5_boundary_recall_tolerance_2,0.21465968586387435,0.09947643979057591,-0.11518324607329844,
split_001,v0_candidate_minus_baseline,class_5_boundary_recall_tolerance_4,0.4083769633507853,0.3507853403141361,-0.05759162303664922,False
split_001,v1_candidate_minus_baseline,class_5_boundary_recall_tolerance_4,0.2094240837696335,0.21465968586387435,0.005235602094240843,True
split_001,baseline_v1_minus_v0,class_5_boundary_recall_tolerance_4,0.4083769633507853,0.2094240837696335,-0.19895287958115182,
split_001,candidate_v1_minus_v0,class_5_boundary_recall_tolerance_4,0.3507853403141361,0.21465968586387435,-0.13612565445026176,
split_002,v0_candidate_minus_baseline,macro_f1,0.7216366337293366,0.7232024020485328,0.0015657683191961924,True
split_002,v1_candidate_minus_baseline,macro_f1,0.8596202381641231,0.8399199256558224,-0.019700312508300732,False
split_002,baseline_v1_minus_v0,macro_f1,0.7216366337293366,0.8596202381641231,0.13798360443478652,
split_002,candidate_v1_minus_v0,macro_f1,0.7232024020485328,0.8399199256558224,0.1167175236072896,
split_002,v0_candidate_minus_baseline,mean_iou,0.6192472104846171,0.6208687596940332,0.001621549209416151,True
split_002,v1_candidate_minus_baseline,mean_iou,0.7898089193123538,0.7589430654675272,-0.03086585384482654,False
split_002,baseline_v1_minus_v0,mean_iou,0.6192472104846171,0.7898089193123538,0.1705617088277367,
split_002,candidate_v1_minus_v0,mean_iou,0.6208687596940332,0.7589430654675272,0.138074305773494,
split_002,v0_candidate_minus_baseline,balanced_accuracy,0.7984511644724118,0.7995334310641983,0.0010822665917864516,True
split_002,v1_candidate_minus_baseline,balanced_accuracy,0.8587834646246413,0.8486513097778053,-0.010132154846835939,False
split_002,baseline_v1_minus_v0,balanced_accuracy,0.7984511644724118,0.8587834646246413,0.06033230015222946,
split_002,candidate_v1_minus_v0,balanced_accuracy,0.7995334310641983,0.8486513097778053,0.049117878713607066,
split_002,v0_candidate_minus_baseline,boundary_region_macro_f1_radius_2,0.4997394989091806,0.5053238177957785,0.005584318886597883,True
split_002,v1_candidate_minus_baseline,boundary_region_macro_f1_radius_2,0.671902671565005,0.6205272053789712,-0.051375466186033836,False
split_002,baseline_v1_minus_v0,boundary_region_macro_f1_radius_2,0.4997394989091806,0.671902671565005,0.17216317265582443,
split_002,candidate_v1_minus_v0,boundary_region_macro_f1_radius_2,0.5053238177957785,0.6205272053789712,0.1152033875831927,
split_002,v0_candidate_minus_baseline,boundary_region_mean_iou_radius_2,0.34290311127566436,0.34652378613828966,0.003620674862625295,True
split_002,v1_candidate_minus_baseline,boundary_region_mean_iou_radius_2,0.5263608477047625,0.4573279896723676,-0.06903285803239495,False
split_002,baseline_v1_minus_v0,boundary_region_mean_iou_radius_2,0.34290311127566436,0.5263608477047625,0.18345773642909818,
split_002,candidate_v1_minus_v0,boundary_region_mean_iou_radius_2,0.34652378613828966,0.4573279896723676,0.11080420353407794,
split_002,v0_candidate_minus_baseline,boundary_region_macro_f1_radius_4,0.5703110447556105,0.5754097381635658,0.005098693407955324,True
split_002,v1_candidate_minus_baseline,boundary_region_macro_f1_radius_4,0.7380991873883183,0.7084784464134012,-0.02962074097491707,False
split_002,baseline_v1_minus_v0,boundary_region_macro_f1_radius_4,0.5703110447556105,0.7380991873883183,0.1677881426327078,
split_002,candidate_v1_minus_v0,boundary_region_macro_f1_radius_4,0.5754097381635658,0.7084784464134012,0.1330687082498354,
split_002,v0_candidate_minus_baseline,boundary_region_mean_iou_radius_4,0.41378797324834077,0.41714423105410625,0.0033562578057654835,True
split_002,v1_candidate_minus_baseline,boundary_region_mean_iou_radius_4,0.6150435377781865,0.5621395957784928,-0.05290394199969373,False
split_002,baseline_v1_minus_v0,boundary_region_mean_iou_radius_4,0.41378797324834077,0.6150435377781865,0.20125556452984578,
split_002,candidate_v1_minus_v0,boundary_region_mean_iou_radius_4,0.41714423105410625,0.5621395957784928,0.14499536472438657,
split_002,v0_candidate_minus_baseline,vertical_boundary_f1_tolerance_2,0.35843462792766084,0.36193029490616624,0.003495666978505396,True
split_002,v1_candidate_minus_baseline,vertical_boundary_f1_tolerance_2,0.6976822872610388,0.6435489450017295,-0.054133342259309214,False
split_002,baseline_v1_minus_v0,vertical_boundary_f1_tolerance_2,0.35843462792766084,0.6976822872610388,0.3392476593333779,
split_002,candidate_v1_minus_v0,vertical_boundary_f1_tolerance_2,0.36193029490616624,0.6435489450017295,0.2816186500955633,
split_002,v0_candidate_minus_baseline,vertical_boundary_f1_tolerance_4,0.5754521197746812,0.5802800119154007,0.004827892140719436,True
split_002,v1_candidate_minus_baseline,vertical_boundary_f1_tolerance_4,0.8130603958721029,0.8042199930819786,-0.008840402790124324,False
split_002,baseline_v1_minus_v0,vertical_boundary_f1_tolerance_4,0.5754521197746812,0.8130603958721029,0.23760827609742163,
split_002,candidate_v1_minus_v0,vertical_boundary_f1_tolerance_4,0.5802800119154007,0.8042199930819786,0.22393998116657787,
split_002,v0_candidate_minus_baseline,boundary_position_mae,2.046367851622875,2.0418377823408624,-0.004530069282012494,True
split_002,v1_candidate_minus_baseline,boundary_position_mae,1.2578027465667916,1.5283870967741935,0.2705843502074019,False
split_002,baseline_v1_minus_v0,boundary_position_mae,2.046367851622875,1.2578027465667916,-0.7885651050560833,
split_002,candidate_v1_minus_v0,boundary_position_mae,2.0418377823408624,1.5283870967741935,-0.513450685566669,
split_002,v0_candidate_minus_baseline,class_3_f1,0.5756472390327197,0.571694459116175,-0.003952779916544746,False
split_002,v1_candidate_minus_baseline,class_3_f1,0.839430047496042,0.7536017311087068,-0.08582831638733524,False
split_002,baseline_v1_minus_v0,class_3_f1,0.5756472390327197,0.839430047496042,0.26378280846332225,
split_002,candidate_v1_minus_v0,class_3_f1,0.571694459116175,0.7536017311087068,0.18190727199253176,
split_002,v0_candidate_minus_baseline,class_3_iou,0.40414653926166216,0.4002606184405156,-0.0038859208211465823,False
split_002,v1_candidate_minus_baseline,class_3_iou,0.7232912119471568,0.6046235380116959,-0.11866767393546096,False
split_002,baseline_v1_minus_v0,class_3_iou,0.40414653926166216,0.7232912119471568,0.3191446726854947,
split_002,candidate_v1_minus_v0,class_3_iou,0.4002606184405156,0.6046235380116959,0.2043629195711803,
split_002,v0_candidate_minus_baseline,class_3_boundary_recall_tolerance_2,0.35224438902743144,0.35723192019950123,0.004987531172069792,True
split_002,v1_candidate_minus_baseline,class_3_boundary_recall_tolerance_2,0.8397755610972568,0.6982543640897756,-0.14152119700748123,False
split_002,baseline_v1_minus_v0,class_3_boundary_recall_tolerance_2,0.35224438902743144,0.8397755610972568,0.4875311720698254,
split_002,candidate_v1_minus_v0,class_3_boundary_recall_tolerance_2,0.35723192019950123,0.6982543640897756,0.34102244389027436,
split_002,v0_candidate_minus_baseline,class_3_boundary_recall_tolerance_4,0.5411471321695761,0.5417705735660848,0.0006234413965087171,True
split_002,v1_candidate_minus_baseline,class_3_boundary_recall_tolerance_4,0.9258104738154613,0.8615960099750624,-0.06421446384039897,False
split_002,baseline_v1_minus_v0,class_3_boundary_recall_tolerance_4,0.5411471321695761,0.9258104738154613,0.3846633416458852,
split_002,candidate_v1_minus_v0,class_3_boundary_recall_tolerance_4,0.5417705735660848,0.8615960099750624,0.31982543640897754,
split_002,v0_candidate_minus_baseline,class_5_f1,0.24785276073619633,0.252760736196319,0.004907975460122671,True
split_002,v1_candidate_minus_baseline,class_5_f1,0.472875226039783,0.48250308769040756,0.00962786165062457,True
split_002,baseline_v1_minus_v0,class_5_f1,0.24785276073619633,0.472875226039783,0.22502246530358666,
split_002,candidate_v1_minus_v0,class_5_f1,0.252760736196319,0.48250308769040756,0.22974235149408856,
split_002,v0_candidate_minus_baseline,class_5_iou,0.14145658263305322,0.1446629213483146,0.003206338715261381,True
split_002,v1_candidate_minus_baseline,class_5_iou,0.30965068087625813,0.31795984807379274,0.008309167197534606,True
split_002,baseline_v1_minus_v0,class_5_iou,0.14145658263305322,0.30965068087625813,0.16819409824320491,
split_002,candidate_v1_minus_v0,class_5_iou,0.1446629213483146,0.31795984807379274,0.17329692672547814,
split_002,v0_candidate_minus_baseline,class_5_boundary_recall_tolerance_2,0.46875,0.5,0.03125,True
split_002,v1_candidate_minus_baseline,class_5_boundary_recall_tolerance_2,0.0625,0.125,0.0625,True
split_002,baseline_v1_minus_v0,class_5_boundary_recall_tolerance_2,0.46875,0.0625,-0.40625,
split_002,candidate_v1_minus_v0,class_5_boundary_recall_tolerance_2,0.5,0.125,-0.375,
split_002,v0_candidate_minus_baseline,class_5_boundary_recall_tolerance_4,0.8125,0.84375,0.03125,True
split_002,v1_candidate_minus_baseline,class_5_boundary_recall_tolerance_4,0.15625,0.15625,0.0,False
split_002,baseline_v1_minus_v0,class_5_boundary_recall_tolerance_4,0.8125,0.15625,-0.65625,
split_002,candidate_v1_minus_v0,class_5_boundary_recall_tolerance_4,0.84375,0.15625,-0.6875,
split_003,v0_candidate_minus_baseline,macro_f1,0.7628480103114339,0.7635990772157379,0.000751066904304043,True
split_003,v1_candidate_minus_baseline,macro_f1,0.895679417682394,0.8959705083466272,0.0002910906642331623,True
split_003,baseline_v1_minus_v0,macro_f1,0.7628480103114339,0.895679417682394,0.1328314073709601,
split_003,candidate_v1_minus_v0,macro_f1,0.7635990772157379,0.8959705083466272,0.13237143113088923,
split_003,v0_candidate_minus_baseline,mean_iou,0.6449558972165094,0.6454422230050841,0.0004863257885747707,True
split_003,v1_candidate_minus_baseline,mean_iou,0.817876011433445,0.8190373929456577,0.001161381512212678,True
split_003,baseline_v1_minus_v0,mean_iou,0.6449558972165094,0.817876011433445,0.17292011421693565,
split_003,candidate_v1_minus_v0,mean_iou,0.6454422230050841,0.8190373929456577,0.17359516994057356,
split_003,v0_candidate_minus_baseline,balanced_accuracy,0.8069957583348999,0.8066585970742471,-0.00033716126065275187,False
split_003,v1_candidate_minus_baseline,balanced_accuracy,0.8920224479987784,0.9008421922623553,0.0088197442635769,True
split_003,baseline_v1_minus_v0,balanced_accuracy,0.8069957583348999,0.8920224479987784,0.0850266896638785,
split_003,candidate_v1_minus_v0,balanced_accuracy,0.8066585970742471,0.9008421922623553,0.09418359518810815,
split_003,v0_candidate_minus_baseline,boundary_region_macro_f1_radius_2,0.4782390814367645,0.47977954587912724,0.0015404644423627212,True
split_003,v1_candidate_minus_baseline,boundary_region_macro_f1_radius_2,0.6276651125266494,0.6252907869203663,-0.0023743256062830342,False
split_003,baseline_v1_minus_v0,boundary_region_macro_f1_radius_2,0.4782390814367645,0.6276651125266494,0.14942603108988484,
split_003,candidate_v1_minus_v0,boundary_region_macro_f1_radius_2,0.47977954587912724,0.6252907869203663,0.14551124104123908,
split_003,v0_candidate_minus_baseline,boundary_region_mean_iou_radius_2,0.3301903415409058,0.33079947143057736,0.0006091298896715447,True
split_003,v1_candidate_minus_baseline,boundary_region_mean_iou_radius_2,0.469177717795587,0.467749845817272,-0.001427871978314954,False
split_003,baseline_v1_minus_v0,boundary_region_mean_iou_radius_2,0.3301903415409058,0.469177717795587,0.13898737625468116,
split_003,candidate_v1_minus_v0,boundary_region_mean_iou_radius_2,0.33079947143057736,0.467749845817272,0.13695037438669466,
split_003,v0_candidate_minus_baseline,boundary_region_macro_f1_radius_4,0.5370581876903407,0.5390250250914633,0.0019668374011225787,True
split_003,v1_candidate_minus_baseline,boundary_region_macro_f1_radius_4,0.7128814396879671,0.7044693812287406,-0.008412058459226546,False
split_003,baseline_v1_minus_v0,boundary_region_macro_f1_radius_4,0.5370581876903407,0.7128814396879671,0.17582325199762638,
split_003,candidate_v1_minus_v0,boundary_region_macro_f1_radius_4,0.5390250250914633,0.7044693812287406,0.16544435613727726,
split_003,v0_candidate_minus_baseline,boundary_region_mean_iou_radius_4,0.3867754427600305,0.38798620747969204,0.0012107647196615279,True
split_003,v1_candidate_minus_baseline,boundary_region_mean_iou_radius_4,0.5654209304686822,0.5602111169584849,-0.005209813510197336,False
split_003,baseline_v1_minus_v0,boundary_region_mean_iou_radius_4,0.3867754427600305,0.5654209304686822,0.17864548770865174,
split_003,candidate_v1_minus_v0,boundary_region_mean_iou_radius_4,0.38798620747969204,0.5602111169584849,0.17222490947879288,
split_003,v0_candidate_minus_baseline,vertical_boundary_f1_tolerance_2,0.36299212598425196,0.36554433221099886,0.0025522062267469003,True
split_003,v1_candidate_minus_baseline,vertical_boundary_f1_tolerance_2,0.6397825674736111,0.6524751228114372,0.012692555337826095,True
split_003,baseline_v1_minus_v0,vertical_boundary_f1_tolerance_2,0.36299212598425196,0.6397825674736111,0.2767904414893591,
split_003,candidate_v1_minus_v0,vertical_boundary_f1_tolerance_2,0.36554433221099886,0.6524751228114372,0.2869307906004383,
split_003,v0_candidate_minus_baseline,vertical_boundary_f1_tolerance_4,0.5647919010123734,0.5667789001122334,0.0019869990998599985,True
split_003,v1_candidate_minus_baseline,vertical_boundary_f1_tolerance_4,0.7708741546046394,0.7888902884494269,0.018016133844787507,True
split_003,baseline_v1_minus_v0,vertical_boundary_f1_tolerance_4,0.5647919010123734,0.7708741546046394,0.20608225359226595,
split_003,candidate_v1_minus_v0,vertical_boundary_f1_tolerance_4,0.5667789001122334,0.7888902884494269,0.22211138833719346,
split_003,v0_candidate_minus_baseline,boundary_position_mae,2.0605457080262894,2.0615841584158416,0.0010384503895521924,False
split_003,v1_candidate_minus_baseline,boundary_position_mae,1.3922597572974746,1.3756985470221939,-0.01656121027528079,True
split_003,baseline_v1_minus_v0,boundary_position_mae,2.0605457080262894,1.3922597572974746,-0.6682859507288148,
split_003,candidate_v1_minus_v0,boundary_position_mae,2.0615841584158416,1.3756985470221939,-0.6858856113936478,
split_003,v0_candidate_minus_baseline,class_3_f1,0.6448264100016313,0.6402145407671906,-0.00461186923444068,False
split_003,v1_candidate_minus_baseline,class_3_f1,0.847984267453294,0.8475631538657821,-0.0004211135875119565,False
split_003,baseline_v1_minus_v0,class_3_f1,0.6448264100016313,0.847984267453294,0.2031578574516627,
split_003,candidate_v1_minus_v0,class_3_f1,0.6402145407671906,0.8475631538657821,0.20734861309859143,
split_003,v0_candidate_minus_baseline,class_3_iou,0.4758256910853816,0.4708202580195258,-0.005005433065855769,False
split_003,v1_candidate_minus_baseline,class_3_iou,0.7360874018436326,0.7354530156762022,-0.0006343861674303897,False
split_003,baseline_v1_minus_v0,class_3_iou,0.4758256910853816,0.7360874018436326,0.26026171075825105,
split_003,candidate_v1_minus_v0,class_3_iou,0.4708202580195258,0.7354530156762022,0.26463275765667643,
split_003,v0_candidate_minus_baseline,class_3_boundary_recall_tolerance_2,0.4274682846111418,0.42029784886927746,-0.007170435741864323,False
split_003,v1_candidate_minus_baseline,class_3_boundary_recall_tolerance_2,0.7484831770546057,0.7655819084390513,0.01709873138444562,True
split_003,baseline_v1_minus_v0,class_3_boundary_recall_tolerance_2,0.4274682846111418,0.7484831770546057,0.3210148924434639,
split_003,candidate_v1_minus_v0,class_3_boundary_recall_tolerance_2,0.42029784886927746,0.7655819084390513,0.3452840595697738,
split_003,v0_candidate_minus_baseline,class_3_boundary_recall_tolerance_4,0.6657473800330943,0.6580253723110866,-0.007722007722007707,False
split_003,v1_candidate_minus_baseline,class_3_boundary_recall_tolerance_4,0.8560397131825703,0.885273028130171,0.02923331494760062,True
split_003,baseline_v1_minus_v0,class_3_boundary_recall_tolerance_4,0.6657473800330943,0.8560397131825703,0.19029233314947602,
split_003,candidate_v1_minus_v0,class_3_boundary_recall_tolerance_4,0.6580253723110866,0.885273028130171,0.22724765581908435,
split_003,v0_candidate_minus_baseline,class_5_f1,0.6388785510482571,0.6386561627276895,-0.00022238832056753477,False
split_003,v1_candidate_minus_baseline,class_5_f1,0.8172842785673174,0.8183018787543135,0.0010176001869960372,True
split_003,baseline_v1_minus_v0,class_5_f1,0.6388785510482571,0.8172842785673174,0.17840572751906036,
split_003,candidate_v1_minus_v0,class_5_f1,0.6386561627276895,0.8183018787543135,0.17964571602662394,
split_003,v0_candidate_minus_baseline,class_5_iou,0.469376594969012,0.46913655848132274,-0.00024003648768927688,False
split_003,v1_candidate_minus_baseline,class_5_iou,0.6910234334057048,0.6924796308313504,0.0014561974256456223,True
split_003,baseline_v1_minus_v0,class_5_iou,0.469376594969012,0.6910234334057048,0.2216468384366928,
split_003,candidate_v1_minus_v0,class_5_iou,0.46913655848132274,0.6924796308313504,0.2233430723500277,
split_003,v0_candidate_minus_baseline,class_5_boundary_recall_tolerance_2,0.22602739726027396,0.22602739726027396,0.0,False
split_003,v1_candidate_minus_baseline,class_5_boundary_recall_tolerance_2,0.3527397260273973,0.3082191780821918,-0.04452054794520549,False
split_003,baseline_v1_minus_v0,class_5_boundary_recall_tolerance_2,0.22602739726027396,0.3527397260273973,0.12671232876712332,
split_003,candidate_v1_minus_v0,class_5_boundary_recall_tolerance_2,0.22602739726027396,0.3082191780821918,0.08219178082191783,
split_003,v0_candidate_minus_baseline,class_5_boundary_recall_tolerance_4,0.3801369863013699,0.3801369863013699,0.0,False
split_003,v1_candidate_minus_baseline,class_5_boundary_recall_tolerance_4,0.5376712328767124,0.4897260273972603,-0.04794520547945208,False
split_003,baseline_v1_minus_v0,class_5_boundary_recall_tolerance_4,0.3801369863013699,0.5376712328767124,0.15753424657534248,
split_003,candidate_v1_minus_v0,class_5_boundary_recall_tolerance_4,0.3801369863013699,0.4897260273972603,0.1095890410958904,
split_004,v0_candidate_minus_baseline,macro_f1,0.7339887976502967,0.738348593149838,0.004359795499541352,True
split_004,v1_candidate_minus_baseline,macro_f1,0.8754374304367705,0.8778791092817587,0.0024416788449882487,True
split_004,baseline_v1_minus_v0,macro_f1,0.7339887976502967,0.8754374304367705,0.1414486327864738,
split_004,candidate_v1_minus_v0,macro_f1,0.738348593149838,0.8778791092817587,0.1395305161319207,
split_004,v0_candidate_minus_baseline,mean_iou,0.616579400204212,0.6209479755172694,0.0043685753130574545,True
split_004,v1_candidate_minus_baseline,mean_iou,0.790501857455872,0.7935077726890287,0.003005915233156742,True
split_004,baseline_v1_minus_v0,mean_iou,0.616579400204212,0.790501857455872,0.17392245725166,
split_004,candidate_v1_minus_v0,mean_iou,0.6209479755172694,0.7935077726890287,0.1725597971717593,
split_004,v0_candidate_minus_baseline,balanced_accuracy,0.7802699371103702,0.7849700728613785,0.004700135751008361,True
split_004,v1_candidate_minus_baseline,balanced_accuracy,0.8742577465927402,0.8861519114524405,0.011894164859700296,True
split_004,baseline_v1_minus_v0,balanced_accuracy,0.7802699371103702,0.8742577465927402,0.09398780948237007,
split_004,candidate_v1_minus_v0,balanced_accuracy,0.7849700728613785,0.8861519114524405,0.101181838591062,
split_004,v0_candidate_minus_baseline,boundary_region_macro_f1_radius_2,0.47769883187221746,0.4775207609196775,-0.00017807095253996597,False
split_004,v1_candidate_minus_baseline,boundary_region_macro_f1_radius_2,0.6382305040820243,0.6411925621861582,0.002962058104133858,True
split_004,baseline_v1_minus_v0,boundary_region_macro_f1_radius_2,0.47769883187221746,0.6382305040820243,0.16053167220980685,
split_004,candidate_v1_minus_v0,boundary_region_macro_f1_radius_2,0.4775207609196775,0.6411925621861582,0.16367180126648068,
split_004,v0_candidate_minus_baseline,boundary_region_mean_iou_radius_2,0.3309878138437528,0.33120456358858114,0.0002167497448283262,True
split_004,v1_candidate_minus_baseline,boundary_region_mean_iou_radius_2,0.48319346058934615,0.48695636730423847,0.0037629067148923223,True
split_004,baseline_v1_minus_v0,boundary_region_mean_iou_radius_2,0.3309878138437528,0.48319346058934615,0.15220564674559334,
split_004,candidate_v1_minus_v0,boundary_region_mean_iou_radius_2,0.33120456358858114,0.48695636730423847,0.15575180371565733,
split_004,v0_candidate_minus_baseline,boundary_region_macro_f1_radius_4,0.5373737816278286,0.5371862366491268,-0.00018754497870177023,False
split_004,v1_candidate_minus_baseline,boundary_region_macro_f1_radius_4,0.7193107056361004,0.7200012723536955,0.0006905667175950425,True
split_004,baseline_v1_minus_v0,boundary_region_macro_f1_radius_4,0.5373737816278286,0.7193107056361004,0.18193692400827188,
split_004,candidate_v1_minus_v0,boundary_region_macro_f1_radius_4,0.5371862366491268,0.7200012723536955,0.1828150357045687,
split_004,v0_candidate_minus_baseline,boundary_region_mean_iou_radius_4,0.38976330203214854,0.38999331931734416,0.00023001728519561615,True
split_004,v1_candidate_minus_baseline,boundary_region_mean_iou_radius_4,0.5782558378274963,0.5791068451194195,0.0008510072919231115,True
split_004,baseline_v1_minus_v0,boundary_region_mean_iou_radius_4,0.38976330203214854,0.5782558378274963,0.1884925357953478,
split_004,candidate_v1_minus_v0,boundary_region_mean_iou_radius_4,0.38999331931734416,0.5791068451194195,0.1891135258020753,
split_004,v0_candidate_minus_baseline,vertical_boundary_f1_tolerance_2,0.3637479541734861,0.3662871567667817,0.0025392025932955975,True
split_004,v1_candidate_minus_baseline,vertical_boundary_f1_tolerance_2,0.661410071942446,0.6601528823495603,-0.001257189592885788,False
split_004,baseline_v1_minus_v0,vertical_boundary_f1_tolerance_2,0.3637479541734861,0.661410071942446,0.29766211776895996,
split_004,candidate_v1_minus_v0,vertical_boundary_f1_tolerance_2,0.3662871567667817,0.6601528823495603,0.29386572558277857,
split_004,v0_candidate_minus_baseline,vertical_boundary_f1_tolerance_4,0.564443535188216,0.5693678841893771,0.004924349001161121,True
split_004,v1_candidate_minus_baseline,vertical_boundary_f1_tolerance_4,0.7739856115107914,0.7739525260072418,-3.3085503549523665e-05,False
split_004,baseline_v1_minus_v0,vertical_boundary_f1_tolerance_4,0.564443535188216,0.7739856115107914,0.20954207632257538,
split_004,candidate_v1_minus_v0,vertical_boundary_f1_tolerance_4,0.5693678841893771,0.7739525260072418,0.20458464181786473,
split_004,v0_candidate_minus_baseline,boundary_position_mae,1.9942007973903588,1.99728555917481,0.003084761784451162,False
split_004,v1_candidate_minus_baseline,boundary_position_mae,1.3074063057703749,1.2985296301797118,-0.008876675590663075,True
split_004,baseline_v1_minus_v0,boundary_position_mae,1.9942007973903588,1.3074063057703749,-0.686794491619984,
split_004,candidate_v1_minus_v0,boundary_position_mae,1.99728555917481,1.2985296301797118,-0.6987559289950982,
split_004,v0_candidate_minus_baseline,class_3_f1,0.6526178010471204,0.6539673446004011,0.0013495435532806521,True
split_004,v1_candidate_minus_baseline,class_3_f1,0.8357257955398109,0.8308441516165576,-0.004881643923253298,False
split_004,baseline_v1_minus_v0,class_3_f1,0.6526178010471204,0.8357257955398109,0.18310799449269044,
split_004,candidate_v1_minus_v0,class_3_f1,0.6539673446004011,0.8308441516165576,0.1768768070161565,
split_004,v0_candidate_minus_baseline,class_3_iou,0.4843598212551001,0.4858480527771866,0.0014882315220865472,True
split_004,v1_candidate_minus_baseline,class_3_iou,0.7178083928495964,0.710635928277091,-0.0071724645725054215,False
split_004,baseline_v1_minus_v0,class_3_iou,0.4843598212551001,0.7178083928495964,0.23344857159449633,
split_004,candidate_v1_minus_v0,class_3_iou,0.4858480527771866,0.710635928277091,0.22478787549990437,
split_004,v0_candidate_minus_baseline,class_3_boundary_recall_tolerance_2,0.3873268988669744,0.3843894250944188,-0.002937473772555599,False
split_004,v1_candidate_minus_baseline,class_3_boundary_recall_tolerance_2,0.7360469995803609,0.7629039026437264,0.026856903063365523,True
split_004,baseline_v1_minus_v0,class_3_boundary_recall_tolerance_2,0.3873268988669744,0.7360469995803609,0.3487201007133865,
split_004,candidate_v1_minus_v0,class_3_boundary_recall_tolerance_2,0.3843894250944188,0.7629039026437264,0.3785144775493076,
split_004,v0_candidate_minus_baseline,class_3_boundary_recall_tolerance_4,0.6227444397817876,0.6223248006714226,-0.0004196391103650221,False
split_004,v1_candidate_minus_baseline,class_3_boundary_recall_tolerance_4,0.8690725975660931,0.8661351237935375,-0.002937473772555599,False
split_004,baseline_v1_minus_v0,class_3_boundary_recall_tolerance_4,0.6227444397817876,0.8690725975660931,0.2463281577843055,
split_004,candidate_v1_minus_v0,class_3_boundary_recall_tolerance_4,0.6223248006714226,0.8661351237935375,0.24381032312211492,
split_004,v0_candidate_minus_baseline,class_5_f1,0.5348947404047926,0.5455280717126104,0.01063333130781785,True
split_004,v1_candidate_minus_baseline,class_5_f1,0.765013966480447,0.7826875141627011,0.017673547682254154,True
split_004,baseline_v1_minus_v0,class_5_f1,0.5348947404047926,0.765013966480447,0.23011922607565438,
split_004,candidate_v1_minus_v0,class_5_f1,0.5455280717126104,0.7826875141627011,0.23715944245009069,
split_004,v0_candidate_minus_baseline,class_5_iou,0.3650896322306413,0.37506950880444856,0.009979876573807278,True
split_004,v1_candidate_minus_baseline,class_5_iou,0.6194515125812836,0.642963514519732,0.02351200193844838,True
split_004,baseline_v1_minus_v0,class_5_iou,0.3650896322306413,0.6194515125812836,0.25436188035064233,
split_004,candidate_v1_minus_v0,class_5_iou,0.37506950880444856,0.642963514519732,0.26789400571528343,
split_004,v0_candidate_minus_baseline,class_5_boundary_recall_tolerance_2,0.2523076923076923,0.27692307692307694,0.02461538461538465,True
split_004,v1_candidate_minus_baseline,class_5_boundary_recall_tolerance_2,0.30153846153846153,0.24307692307692308,-0.058461538461538454,False
split_004,baseline_v1_minus_v0,class_5_boundary_recall_tolerance_2,0.2523076923076923,0.30153846153846153,0.049230769230769245,
split_004,candidate_v1_minus_v0,class_5_boundary_recall_tolerance_2,0.27692307692307694,0.24307692307692308,-0.03384615384615386,
split_004,v0_candidate_minus_baseline,class_5_boundary_recall_tolerance_4,0.40307692307692305,0.44,0.03692307692307695,True
split_004,v1_candidate_minus_baseline,class_5_boundary_recall_tolerance_4,0.49230769230769234,0.4153846153846154,-0.07692307692307693,False
split_004,baseline_v1_minus_v0,class_5_boundary_recall_tolerance_4,0.40307692307692305,0.49230769230769234,0.08923076923076928,
split_004,candidate_v1_minus_v0,class_5_boundary_recall_tolerance_4,0.44,0.4153846153846154,-0.024615384615384595,
split_005,v0_candidate_minus_baseline,macro_f1,0.7116346837214742,0.7132956608092553,0.0016609770877811236,True
split_005,v1_candidate_minus_baseline,macro_f1,0.896845306522529,0.8888888327015526,-0.007956473820976417,False
split_005,baseline_v1_minus_v0,macro_f1,0.7116346837214742,0.896845306522529,0.18521062280105483,
split_005,candidate_v1_minus_v0,macro_f1,0.7132956608092553,0.8888888327015526,0.17559317189229728,
split_005,v0_candidate_minus_baseline,mean_iou,0.5989597099410692,0.5995869798069584,0.0006272698658892351,True
split_005,v1_candidate_minus_baseline,mean_iou,0.8223370242422758,0.8101225518052448,-0.012214472437030999,False
split_005,baseline_v1_minus_v0,mean_iou,0.5989597099410692,0.8223370242422758,0.22337731430120666,
split_005,candidate_v1_minus_v0,mean_iou,0.5995869798069584,0.8101225518052448,0.21053557199828643,
split_005,v0_candidate_minus_baseline,balanced_accuracy,0.7579357123970767,0.761887011444602,0.003951299047525336,True
split_005,v1_candidate_minus_baseline,balanced_accuracy,0.905484190173615,0.9117179849543521,0.006233794780737045,True
split_005,baseline_v1_minus_v0,balanced_accuracy,0.7579357123970767,0.905484190173615,0.14754847777653834,
split_005,candidate_v1_minus_v0,balanced_accuracy,0.761887011444602,0.9117179849543521,0.14983097350975005,
split_005,v0_candidate_minus_baseline,boundary_region_macro_f1_radius_2,0.48448482312437147,0.4829055155087012,-0.0015793076156702668,False
split_005,v1_candidate_minus_baseline,boundary_region_macro_f1_radius_2,0.6555371081664242,0.6379828351992428,-0.017554272967181372,False
split_005,baseline_v1_minus_v0,boundary_region_macro_f1_radius_2,0.48448482312437147,0.6555371081664242,0.17105228504205272,
split_005,candidate_v1_minus_v0,boundary_region_macro_f1_radius_2,0.4829055155087012,0.6379828351992428,0.15507731969054162,
split_005,v0_candidate_minus_baseline,boundary_region_mean_iou_radius_2,0.3316644676321909,0.33009999899622405,-0.0015644686359668203,False
split_005,v1_candidate_minus_baseline,boundary_region_mean_iou_radius_2,0.49962585716954133,0.47733578221547096,-0.02229007495407037,False
split_005,baseline_v1_minus_v0,boundary_region_mean_iou_radius_2,0.3316644676321909,0.49962585716954133,0.16796138953735046,
split_005,candidate_v1_minus_v0,boundary_region_mean_iou_radius_2,0.33009999899622405,0.47733578221547096,0.1472357832192469,
split_005,v0_candidate_minus_baseline,boundary_region_macro_f1_radius_4,0.5435901580522272,0.5423735953154912,-0.0012165627367359821,False
split_005,v1_candidate_minus_baseline,boundary_region_macro_f1_radius_4,0.727310417468377,0.7142022270228615,-0.013108190445515477,False
split_005,baseline_v1_minus_v0,boundary_region_macro_f1_radius_4,0.5435901580522272,0.727310417468377,0.18372025941614978,
split_005,candidate_v1_minus_v0,boundary_region_macro_f1_radius_4,0.5423735953154912,0.7142022270228615,0.17182863170737028,
split_005,v0_candidate_minus_baseline,boundary_region_mean_iou_radius_4,0.3907100102127458,0.3889762925502442,-0.0017337176625016326,False
split_005,v1_candidate_minus_baseline,boundary_region_mean_iou_radius_4,0.5865001195948968,0.5666822382167885,-0.01981788137810825,False
split_005,baseline_v1_minus_v0,boundary_region_mean_iou_radius_4,0.3907100102127458,0.5865001195948968,0.19579010938215097,
split_005,candidate_v1_minus_v0,boundary_region_mean_iou_radius_4,0.3889762925502442,0.5666822382167885,0.17770594566654435,
split_005,v0_candidate_minus_baseline,vertical_boundary_f1_tolerance_2,0.3572987817759313,0.34991974317817015,-0.007379038597761123,False
split_005,v1_candidate_minus_baseline,vertical_boundary_f1_tolerance_2,0.6772146683147919,0.6429918805872222,-0.0342227877275697,False
split_005,baseline_v1_minus_v0,vertical_boundary_f1_tolerance_2,0.3572987817759313,0.6772146683147919,0.31991588653886066,
split_005,candidate_v1_minus_v0,vertical_boundary_f1_tolerance_2,0.34991974317817015,0.6429918805872222,0.2930721374090521,
split_005,v0_candidate_minus_baseline,vertical_boundary_f1_tolerance_4,0.5582705443278643,0.5474213134203364,-0.010849230907527874,False
split_005,v1_candidate_minus_baseline,vertical_boundary_f1_tolerance_4,0.7947259991759373,0.7824161404084311,-0.012309858767506232,False
split_005,baseline_v1_minus_v0,vertical_boundary_f1_tolerance_4,0.5582705443278643,0.7947259991759373,0.23645545484807307,
split_005,candidate_v1_minus_v0,vertical_boundary_f1_tolerance_4,0.5474213134203364,0.7824161404084311,0.2349948269880947,
split_005,v0_candidate_minus_baseline,boundary_position_mae,2.041876892028254,2.0390107088220297,-0.0028661832062244486,True
split_005,v1_candidate_minus_baseline,boundary_position_mae,1.2903359601824969,1.3863731656184486,0.09603720543595173,False
split_005,baseline_v1_minus_v0,boundary_position_mae,2.041876892028254,1.2903359601824969,-0.7515409318457573,
split_005,candidate_v1_minus_v0,boundary_position_mae,2.0390107088220297,1.3863731656184486,-0.6526375432035811,
split_005,v0_candidate_minus_baseline,class_3_f1,0.49534045593158893,0.4983686264474442,0.003028170515855244,True
split_005,v1_candidate_minus_baseline,class_3_f1,0.8671424591182837,0.8540018712256529,-0.01314058789263084,False
split_005,baseline_v1_minus_v0,class_3_f1,0.49534045593158893,0.8671424591182837,0.37180200318669476,
split_005,candidate_v1_minus_v0,class_3_f1,0.4983686264474442,0.8540018712256529,0.3556332447782087,
split_005,v0_candidate_minus_baseline,class_3_iou,0.3292043425267156,0.3318847989093388,0.0026804563826232086,True
split_005,v1_candidate_minus_baseline,class_3_iou,0.7654470468046464,0.7452035477047537,-0.020243499099892648,False
split_005,baseline_v1_minus_v0,class_3_iou,0.3292043425267156,0.7654470468046464,0.43624270427793077,
split_005,candidate_v1_minus_v0,class_3_iou,0.3318847989093388,0.7452035477047537,0.4133187487954149,
split_005,v0_candidate_minus_baseline,class_3_boundary_recall_tolerance_2,0.3523510971786834,0.34294670846394987,-0.009404388714733536,False
split_005,v1_candidate_minus_baseline,class_3_boundary_recall_tolerance_2,0.7780564263322884,0.7579937304075235,-0.02006269592476495,False
split_005,baseline_v1_minus_v0,class_3_boundary_recall_tolerance_2,0.3523510971786834,0.7780564263322884,0.42570532915360504,
split_005,candidate_v1_minus_v0,class_3_boundary_recall_tolerance_2,0.34294670846394987,0.7579937304075235,0.4150470219435736,
split_005,v0_candidate_minus_baseline,class_3_boundary_recall_tolerance_4,0.5667711598746081,0.5567398119122257,-0.010031347962382475,False
split_005,v1_candidate_minus_baseline,class_3_boundary_recall_tolerance_4,0.8890282131661442,0.8727272727272727,-0.016300940438871536,False
split_005,baseline_v1_minus_v0,class_3_boundary_recall_tolerance_4,0.5667711598746081,0.8890282131661442,0.3222570532915361,
split_005,candidate_v1_minus_v0,class_3_boundary_recall_tolerance_4,0.5567398119122257,0.8727272727272727,0.315987460815047,
split_005,v0_candidate_minus_baseline,class_5_f1,0.38662275145680264,0.3992725469124576,0.012649795455654977,True
split_005,v1_candidate_minus_baseline,class_5_f1,0.751918689068658,0.7440744650225506,-0.007844224046107406,False
split_005,baseline_v1_minus_v0,class_5_f1,0.38662275145680264,0.751918689068658,0.36529593761185536,
split_005,candidate_v1_minus_v0,class_5_f1,0.3992725469124576,0.7440744650225506,0.344801918110093,
split_005,v0_candidate_minus_baseline,class_5_iou,0.2396356783919598,0.2494319355505061,0.009796257158546318,True
split_005,v1_candidate_minus_baseline,class_5_iou,0.6024596975236829,0.5924511002444988,-0.010008597279184128,False
split_005,baseline_v1_minus_v0,class_5_iou,0.2396356783919598,0.6024596975236829,0.36282401913172313,
split_005,candidate_v1_minus_v0,class_5_iou,0.2494319355505061,0.5924511002444988,0.34301916469399263,
split_005,v0_candidate_minus_baseline,class_5_boundary_recall_tolerance_2,0.2191780821917808,0.1917808219178082,-0.0273972602739726,False
split_005,v1_candidate_minus_baseline,class_5_boundary_recall_tolerance_2,0.3150684931506849,0.365296803652968,0.0502283105022831,True
split_005,baseline_v1_minus_v0,class_5_boundary_recall_tolerance_2,0.2191780821917808,0.3150684931506849,0.0958904109589041,
split_005,candidate_v1_minus_v0,class_5_boundary_recall_tolerance_2,0.1917808219178082,0.365296803652968,0.1735159817351598,
split_005,v0_candidate_minus_baseline,class_5_boundary_recall_tolerance_4,0.3105022831050228,0.2785388127853881,-0.0319634703196347,False
split_005,v1_candidate_minus_baseline,class_5_boundary_recall_tolerance_4,0.4611872146118721,0.5296803652968036,0.0684931506849315,True
split_005,baseline_v1_minus_v0,class_5_boundary_recall_tolerance_4,0.3105022831050228,0.4611872146118721,0.1506849315068493,
split_005,candidate_v1_minus_v0,class_5_boundary_recall_tolerance_4,0.2785388127853881,0.5296803652968036,0.2511415525114155,
