name	exit_code	status
frozen_pretrained_layout_000_small	0	reused-complete-log
frozen_pretrained_layout_000_medium	0	PASS
frozen_pretrained_layout_000_large	0	PASS
frozen_pretrained_layout_001_small	0	PASS
frozen_pretrained_layout_001_medium	0	PASS
frozen_pretrained_layout_001_large	0	PASS
frozen_pretrained_layout_002_small	0	PASS
frozen_pretrained_layout_002_medium	0	PASS
frozen_pretrained_layout_002_large	0	PASS
frozen_pretrained_layout_003_small	0	PASS
frozen_pretrained_layout_003_medium	0	PASS
frozen_pretrained_layout_003_large	0	PASS
frozen_pretrained_layout_004_small	0	PASS
frozen_pretrained_layout_004_medium	0	PASS
frozen_pretrained_layout_004_large	0	PASS
frozen_random_layout_000_small	0	PASS
frozen_random_layout_000_medium	0	PASS
frozen_random_layout_000_large	0	PASS
frozen_random_layout_001_small	0	PASS
frozen_random_layout_001_medium	0	PASS
frozen_random_layout_001_large	0	PASS
frozen_random_layout_002_small	0	PASS
frozen_random_layout_002_medium	0	PASS
frozen_random_layout_002_large	0	PASS
frozen_random_layout_003_small	0	PASS
frozen_random_layout_003_medium	0	PASS
frozen_random_layout_003_large	0	PASS
frozen_random_layout_004_small	0	PASS
frozen_random_layout_004_medium	0	PASS
frozen_random_layout_004_large	0	PASS
e2e_pretrained_layout_000_small	0	reused-complete-log
e2e_pretrained_layout_000_medium	0	PASS
e2e_pretrained_layout_000_large	0	PASS
e2e_pretrained_layout_001_small	0	PASS
e2e_pretrained_layout_001_medium	0	PASS
e2e_pretrained_layout_001_large	0	PASS
e2e_pretrained_layout_002_small	0	PASS
e2e_pretrained_layout_002_medium	0	PASS
e2e_pretrained_layout_002_large	0	PASS
e2e_pretrained_layout_003_small	0	PASS
e2e_pretrained_layout_003_medium	0	PASS
e2e_pretrained_layout_003_large	0	PASS
e2e_pretrained_layout_004_small	0	PASS
e2e_pretrained_layout_004_medium	0	PASS
e2e_pretrained_layout_004_large	0	PASS
e2e_random_layout_000_small	0	PASS
e2e_random_layout_000_medium	0	PASS
e2e_random_layout_000_large	0	PASS
e2e_random_layout_001_small	0	PASS
e2e_random_layout_001_medium	0	PASS
e2e_random_layout_001_large	0	PASS
e2e_random_layout_002_small	0	PASS
e2e_random_layout_002_medium	0	PASS
e2e_random_layout_002_large	0	PASS
e2e_random_layout_003_small	0	PASS
e2e_random_layout_003_medium	0	PASS
e2e_random_layout_003_large	0	PASS
e2e_random_layout_004_small	0	PASS
e2e_random_layout_004_medium	0	PASS
e2e_random_layout_004_large	0	PASS
